AGly	AGly.aph4_Ia_V01499_231_1256_1026
AGly-	AGly.aphEII_X53527_1_819_819	AGly.aphEI_M37378_298_1116_819	AGly_aph_3__._Ia1_AP009493_267117_267935_819
AGly-_1	AGly.aph3_Ia_HQ840942_23569_24384_816	AGly_aph_3_._Ic_KP119857_914_1729_816	AGly_aph_3__._Ia_FJ172370_38668_39483_816
AGly-_2	AGly.aadA27_NG_054660_101_889_789	AGly_ant_3__._IIc_NG_054654_101_889_789
AGly-_3	AGly.aac6_Ib_M21682_380_985_606	AGly.aacA4_AF416297_2738_3304_567	AGly.aadA6_AF140629_61_906_846	AGly.ant3__Ih_Aac6_IId_AF453998_3555_4946_1392	AGly_Flqn_aac_6_._Ib_cr_EF636461_1124_1642_519
AGly-_4	AGly.aac6_Iz_AF140221_390_851_462	AGly_aac_6_._Iz_NG_052343_1_462_462
AGly_1	AGly.aac3_Ib_Aac6_Ib_AF355189_1435_2439_1005
AGly_10	AGly.aadE_Cc_NG_054665_101_1000_900
AGly_100	AGly.aac3_Ic_AJ511268_1295_1765_471
AGly_101	AGly.aac3_If_AY884051_61_525_468
AGly_102	AGly.aac3_Ih_CP000490_509912_510370_459
AGly_103	AGly.aac3_Ii_CP000356_638262_638720_459
AGly_104	AGly.aac6_Id_X12618_905_1354_450
AGly_105	AGly.aac6_Ic_M94066_1554_1994_441
AGly_106	AGly.aac6_Ih_L29044_352_792_441	AGly.aac6_It_AF031328_1_441_441	AGly.aac6_Iv_AF031330_1_441_441
AGly_107	AGly.aac6_Ij_L29045_260_700_441
AGly_108	AGly.aac6_Ir_AF031326_1_441_441
AGly_109	AGly.aac6_Is_AF031327_1_441_441	AGly.aac6_Iu_AF031329_1_441_441
AGly_11	AGly.aadK_Pm_CP002869_c4442322_4441435_888
AGly_110	AGly.aac6_Iw_AF031331_1_441_441
AGly_111	AGly.aac6_Iaa_NC_003197_1707358_1707795_438	AGly.aac6_Iy_AF144880_3452_3979_438
AGly_112	AGly.aac6_Ig_L09246_544_981_438
AGly_113	AGly.aac6_Ik_L29510_369_806_438
AGly_114	AGly.aac6_Iad_AB119105_1_435_435
AGly_115	AGly.aac6_If_X55353_279_713_435
AGly_116	AGly.aac6_DQ302723_81_482_402
AGly_117	AGly.aacA29b_AY139599_768_1148_381
AGly_12	AGly.vph_NG_048566_101_982_882
AGly_13	AGly.aac3_VII_M22999_493_1359_867
AGly_14	AGly.aadS_NG_047380_101_964_864
AGly_15	AGly.aac3_IIa_X51534_91_951_861	AGly.aac3_IIc_X54723_819_1679_861	AGly.aac3_IId_EU022314_1_861_861	AGly.aac3_IIe_EU022315_1_861_861
AGly_16	AGly.aac8_M55426_466_1326_861
AGly_17	AGly.ant6_Ib_FN594949_27482_28339_858
AGly_18	AGly.aac3_Xa_AB028210_2711_3565_855
AGly_19	AGly.aadE_Pp_HE577054_1299623_1300477_855
AGly_2	AGly.aph4_Ib_X03615_232_1230_999
AGly_20	AGly.str_X92946_18908_18060_849
AGly_21	AGly.aac3_IXa_M55427_274_1119_846
AGly_22	AGly.aadA16_EU675686_3197_4042_846
AGly_23	AGly.rmtC_AB194779_6903_7748_846
AGly_24	AGly.sph_AY037297_2706_3548_843
AGly_25	AGly.aadA9_AJ420072_26773_27609_837
AGly_26	AGly.strB_FJ474091_264_1100_837
AGly_27	AGly.aadA10_U37105_2807_3640_834
AGly_28	AGly.aadA11_AJ567827_1_792_792	AGly.aadA12_AY665771_1_792_792	AGly.aadA15_DQ393783_1800_2591_792	AGly.aadA17_FJ460181_774_1565_792	AGly.aadA1_M95287_3320_4111_792	AGly.aadA1_pm_JQ690540_7968_8798_831	AGly.aadA21_AY171244_47_838_792	AGly.aadA22_AM261837_74_865_792	AGly.aadA23_AJ809407_119_898_781	AGly.aadA24_HQ123586_88_768_781	AGly.aadA3_AF047479_1296_2087_792	AGly.aadA8_AF326210_1_792_792	AGly.aadA8b_AM040708_1174_1965_792
AGly_29	AGly.apmA_FN806789_2858_3682_822
AGly_3	AGly.aph9_Ia_U94857_151_1146_996
AGly_30	AGly.grm_NG_047907_101_925_825
AGly_31	AGly.rmtE2_NG_050559_101_922_822	AGly.rmtE_GU201947_55_876_822
AGly_32	AGly.aac_IIIa_X55652_1124_1939_816
AGly_33	AGly.aph3_Ib_M20305_779_1594_816
AGly_34	AGly.aph3_Id_Z48231_820_1635_816
AGly_35	AGly.sph_I_HQ424461_18_830_813
AGly_36	AGly.aac3_Vb_M97172_656_1465_810
AGly_37	AGly.spw_NG_048075_101_910_810
AGly_38	AGly.aph3_IIc_HQ424460_2_805_804
AGly_39	AGly.aph_VIII_AF182845_1_804_804
AGly_4	AGly.aph6_Ia_AY971801_1_924_924
AGly_40	AGly.strA_AB366441_22458_23261_804
AGly_41	AGly.apH_Stph_HE579073_1778413_1779213_801
AGly_42	AGly.aadA13_AY713504_1_798_798
AGly_43	AGly.aadA7_AF224733_32_829_798
AGly_44	AGly.aph3_Vc_S81599_282_1076_795
AGly_45	AGly.aphA15_Y18050_4758_5552_795
AGly_46	AGly.aphA2_X57709_1_795_795
AGly_47	AGly.rmtG_JX486113_1_795_795
AGly_48	AGly.aph3_Vb_M22126_373_1164_792
AGly_49	AGly.aadA4_AY138986_1_798_789	AGly.aadA5_AF137361_64_852_789
AGly_5	AGly.aph6_Ib_X05648_382_1305_924
AGly_50	AGly.aph3_IV_X03364_277_1065_789
AGly_51	AGly.aphA16_NG_051908_101_889_789
AGly_52	AGly.aac_IVa_X01385_244_1029_786
AGly_53	AGly.aadA14_AJ884726_540_1325_786
AGly_54	AGly.spc_X02588_331_1113_783
AGly_55	AGly.aadA2_X68227_66_945_780
AGly_56	AGly.aph3_VIb_AJ627643_4934_5713_780	AGly.aphA6_JF949760_695_1474_771
AGly_57	AGly.rmtF_JQ808129_55_876_822
AGly_58	AGly.aph3_Va_U24442_680_1456_780
AGly_59	AGly.armA_AY220558_1978_2751_774
AGly_6	AGly.aph9_Ib_U70376_3618_4541_996
AGly_60	AGly.aadD_AF181950_3176_3946_771
AGly_61	AGly.ant4_Ib_AJ506108_209_979_771
AGly_62	AGly.ant4_IIa_M98270_145_903_759
AGly_63	AGly.rmtH_KC544262_666_1424_759
AGly_64	AGly.ant4_IIb_AY114142_1061_1816_756
AGly_65	AGly.rmtA_AB120321_6677_7432_756
AGly_66	AGly.rmtB2_JN968578_1_756_756	AGly.rmtB3_NG_051535_1_756_756	AGly.rmtB4_NG_051536_1_756_756	AGly.rmtB_AB103506_1410_2165_756
AGly_67	AGly.aph3_VIIa_M29953_131_1036_753
AGly_68	AGly.rmtD2_HQ401565_14882_14139_744	AGly.rmtD_DQ914960_9632_8889_744
AGly_69	AGly.npmA_AB261016_3069_3728_660
AGly_7	AGly.aph7_GG774704_686456_687373_918
AGly_70	AGly.kamB_NG_050562_101_748_648
AGly_71	AGly.aac2_Ib_U41471_266_822_588
AGly_72	AGly.aac6_IIc_AF162771_62_643_582
AGly_73	AGly.sta_NG_048077_101_670_570
AGly_74	AGly.aac6_Iai_EU886977_544_1110_567
AGly_75	AGly.aacA43_HQ247816_639_1202_564
AGly_76	AGly.aac6_Ia_M18967_757_1314_558
AGly_77	AGly.aac6_32_EF614235_2247_2801_555
AGly_78	AGly.aac6_33_GQ337064_1203_1757_555	AGly.aac6_I30_AY289608_1524_2078_555
AGly_79	AGly.aac6_IIa_M29695_707_1261_555
AGly_8	AGly.ant6_Ia_AF330699_22_930_909
AGly_80	AGly.aac_AJ628983_1985_2539_555
AGly_81	AGly.aac6_IL_Z54241_530_1051_522	AGly.aac6_Iaf_AB462903_1200_1751_552	AGly.aac6_Iq_AF047556_127_678_552
AGly_82	AGly.aac2_Ie_NC_011896_3039059_3039607_549
AGly_83	AGly.aac6_Ii_L12710_169_717_549
AGly_84	AGly.aac2_Ic_U72714_373_918_546
AGly_85	AGly.aac6_IIb_L06163_532_1074_543
AGly_86	AGly.sat3_Z48231_221_763_543
AGly_87	AGly.sat4A_X92945_38870_39412_543
AGly_88	AGly.aac2_Ia_L06156_264_800_537
AGly_89	AGly.aac6_Im_AF337947_1215_1751_537
AGly_9	AGly.aac3_VIa_M88012_193_1092_900
AGly_90	AGly.aac3_I_AJ877225_5293_5757_465	AGly.aac3_I_X15852_1250_1783_534
AGly_91	AGly.aadB_JQ690540_4275_4808_534
AGly_92	AGly.aac6_Aph2_M13771_304_1743_1440
AGly_93	AGly.aac3_Ib_L06157_555_1085_531
AGly_94	AGly.sat_2A_X51546_518_1042_525
AGly_95	AGly.satA_NG_064662_101_622_522
AGly_96	AGly.aac6_31_AJ640197_2474_2992_519
AGly_97	AGly.aac3_Id_AB114632_104_580_477
AGly_98	AGly.aac3_Ig_CP000282_2333620_2334096_477
AGly_99	AGly.aadC_V01282_225_701_477
AGly_AAC_6_	AGly_AAC_6_._Isa_NG_047311_101_574_474
AGly_aac_2_	AGly_aac_2_._IIa_Bg_NG_047225_101_883_783
AGly_aac_2__1	AGly_aac_2_._IIb_NG_055672_1_723_723
AGly_aac_2__2	AGly_aac_2_._Id_U72743_386_1018_533
AGly_aac_3	AGly_aac_3._IIIc_L06161_106_945_861
AGly_aac_3_1	AGly_aac_3._IIIb_L06160_984_1721_861
AGly_aac_6_	AGly_aac_6_._Ia_NG_052294_101_703_603
AGly_aac_6__1	AGly_aac_6_._Ian_NG_052170_101_673_573
AGly_aac_6__2	AGly_aac_6_._Iae_AB104852_1935_2486_552
AGly_aac_6__3	AGly_aac_6_._NG_052413_101_583_483
AGly_ant_3__	AGly_ant_3__._IIb_NG_054651_101_892_792
AGly_ant_3___1	AGly_ant_3__._IIa_NG_054648_101_889_789
AGly_ant_4_	AGly_ant_4_._Ic_KY753881_1_771_771
AGly_ant_9	AGly_ant_9._Ib_NG_047398_101_868_768
AGly_aph_2__	AGly_aph_2__._Ic_U51479_196_1116_921
AGly_aph_2___1	AGly_aph_2__._Ig_NG_047407_101_1021_921
AGly_aph_2___2	AGly_aph_2__._Id_AF016483_131_1036_906	AGly_aph_2__._Ie_AY939911_3536_4441_906
AGly_aph_2___3	AGly_aph_2__._IIa_NG_047402_1_900_900	AGly_aph_2__._Ib_AF207840_272_1171_900
AGly_aph_2___4	AGly_aph_2__._Ih_NG_047408_1_894_894
AGly_aph_2___5	AGly_aph_2__._If_NG_047406_1_891_891
AGly_aph_3_	AGly_aph_3_._IX_NG_055648_101_901_801
AGly_aph_3__	AGly_aph_3__._IIb_X90856_388_1194_807
AGly_aph_3___1	AGly_aph_3__._III_V01547_535_1329_795
AGly_aph_3___2	AGly_aph_3__._Ic_DQ336355_603_1367_816
AGly_aph_9	AGly_aph_9._ib_NG_047474_101_1093_993
Bla	Bla.mecC_HG515014_42996_44993_1998
Bla_1	Bla.blaPDC_119_KX196793_1_1194_1194	Bla.blaPDC_195_MF098287_1_1194_1194	Bla.blaPDC_208_MF098300_1_1194_1194	Bla.blaPDC_212_MF281076_1_1194_1194	Bla.blaPDC_216_MF281081_MF281081_1_1194_1194	Bla.blaPDC_252_MH243326_1_1194_1194	Bla.blaPDC_257_MH243331_1_1194_1194	Bla.blaPDC_309_MH780086_1_1194_1194	Bla.blaPDC_313_MH780090_1_1194_1194	Bla.blaPDC_317_MK208447_1_1194_1194	Bla.blaPDC_322_MK840567_1_1194_1194	Bla.blaPDC_328_MK840574_1_1194_1194	Bla.blaPDC_49_KJ949064_1_1194_1194	Bla.blaPDC_50_KJ949065_1_1194_1194
Bla_10	Bla.blaADC_16_NG_048640_1_1152_1152
Bla_100	Bla.blaOXA_549_KY682751_1_873_873	Bla.blaOXA_550_KY682752_1_873_873	Bla.blaOXA_551_KY682753_1_888_888	Bla.blaOXA_552_KY682754_1_873_873	Bla.blaOXA_553_KY682755_1_888_888
Bla_101	Bla.blaPSV_1_NG_052626_101_988_888
Bla_102	Bla.blaRAHN_1_AF338038_4685_5572_888
Bla_103	Bla.blaRAHN_2_HM114350_377_1264_888
Bla_104	Bla.blaSED_1_AF321608_1_888_888
Bla_105	Bla.BJP_1_NG_048709_101_985_885
Bla_106	Bla.blaA_CP003048_1_885_885
Bla_107	Bla.blaBIC_1_GQ260093_1_885_885
Bla_108	Bla.blaFRI_1_KT192551_3492_4376_885	Bla.blaFRI_2_LC178555_1_885_885	Bla.blaFRI_3_KY524440_1_885_885
Bla_109	Bla.blaLRA_17_NG_047524_101_985_885
Bla_11	Bla.blaBUT_1_NG_056480_101_1252_1152	Bla.blaBUT_2_NG_056481_101_1252_1152
Bla_110	Bla.blaSME_1_Z28968_128_1012_885	Bla.blaSME_2_AF275256_1_885_885	Bla.blaSME_3_AY584237_124_1008_885	Bla.blaSME_4_KF481967_1_885_885	Bla.blaSME_5_KJ188748_1_885_885
Bla_111	Bla.blaERP_1_AY077733_1_882_882
Bla_112	Bla.blaKPC_10_GQ140348_1_882_882	Bla.blaKPC_11_HM066995_1_882_882	Bla.blaKPC_12_HQ342889_1_882_882	Bla.blaKPC_13_HQ342890_1_882_882	Bla.blaKPC_14_JX524191_396_1271_876	Bla.blaKPC_15_KC433553_1_882_882	Bla.blaKPC_16_KC465199_1_882_882	Bla.blaKPC_17_KC465200_1_882_882	Bla.blaKPC_19_KJ775801_1_882_882	Bla.blaKPC_1_AF297554_131_1012_882	Bla.blaKPC_22_KM379100_1_882_882	Bla.blaKPC_24_KR052099_5212_6093_882	Bla.blaKPC_2_JN048642_127_1008_882	Bla.blaKPC_3_JN255861_139_1020_882	Bla.blaKPC_4_FJ473382_364_1245_882	Bla.blaKPC_5_EU400222_2160_3041_882	Bla.blaKPC_6_EU555534_1_882_882	Bla.blaKPC_7_EU729727_1_882_882	Bla.blaKPC_8_FJ234412_1_882_882
Bla_113	Bla.blaLRA_12_NG_047523_101_982_882
Bla_114	Bla.blaSPU_1_GQ919044_1_882_882
Bla_115	Bla.blaBES_1_AF234999_190_1068_879
Bla_116	Bla.blaCGA_1_AF339733_437_1315_879
Bla_117	Bla.blaCIA_1_AB639753_1_879_879	Bla.blaCIA_2_AB674566_1_879_879	Bla.blaCIA_3_AB674567_1_879_879	Bla.blaCIA_4_AB674568_1_879_879
Bla_118	Bla.blaGOB_10_AY647247_1_873_873	Bla.blaGOB_11_AY647248_1_879_879	Bla.blaGOB_12_AY647249_1_873_873	Bla.blaGOB_13_AY647250_1_879_879	Bla.blaGOB_14_AY647252_1_879_879	Bla.blaGOB_15_AY775547_1_879_879	Bla.blaGOB_18_DQ004496_1_873_873	Bla.blaGOB_1_AF090141_243_1115_873	Bla.blaGOB_8_AY348327_1_873_873	Bla.blaGOB_9_AY647246_1_873_873
Bla_119	Bla.blaIMI_1_ECU50278_1264_2142_879	Bla.blaIMI_2_JN412066_2891_3769_879	Bla.blaIMI_3_GU015024_1_879_879	Bla.blaIMI_4_KF958750_1_879_879	Bla.blaIMI_7_KM103296_1_879_879	Bla.blaNMC_A_Z21956_1221_2099_879
Bla_12	Bla.blaBIL_1_X74512_127_1272_1146	Bla.blaCMY_104_KF150216_1_1146_1146	Bla.blaCMY_105_KJ207205_1040_2145_1146	Bla.blaCMY_106_KM983294_1051_2196_1146	Bla.blaCMY_108_KF564648_1_1146_1146	Bla.blaCMY_110_AB872957_1_1146_1146	Bla.blaCMY_111_KJ155695_1_1146_1146	Bla.blaCMY_112_KM087837_1_1146_1146	Bla.blaCMY_113_KM087836_1_1146_1146	Bla.blaCMY_114_KM087846_1_1146_1146	Bla.blaCMY_115_KM087839_1_1146_1146	Bla.blaCMY_116_KM087840_1_1146_1146	Bla.blaCMY_117_KM087844_1_1146_1146	Bla.blaCMY_118_KM087838_1_1146_1146	Bla.blaCMY_119_KM087845_1_1146_1146	Bla.blaCMY_12_FR716828_847_1992_1146	Bla.blaCMY_131_KP281294_1_1146_1146	Bla.blaCMY_132_KP862820_1_1146_1146	Bla.blaCMY_133_KP862819_1_1146_1146	Bla.blaCMY_135_KP981366_1_1146_1146	Bla.blaCMY_13_AY339625_3641_4786_1146	Bla.blaCMY_14_EU600193_1702_2847_1146	Bla.blaCMY_15_AJ555823_1_1146_1146	Bla.blaCMY_16_FM995219_3672_4817_1146	Bla.blaCMY_17_AY513266_165_1310_1146	Bla.blaCMY_18_AY743434_47_1198_1152	Bla.blaCMY_20_AY960293_1_1143_1143	Bla.blaCMY_21_DQ139328_1_1146_1146	Bla.blaCMY_22_DQ256079_1_1146_1146	Bla.blaCMY_23_DQ438952_161_1306_1146	Bla.blaCMY_24_EF415650_1_1146_1146	Bla.blaCMY_25_EU515249_1_1146_1146	Bla.blaCMY_26_AB300358_1_1146_1146	Bla.blaCMY_27_EU515250_1_1146_1146	Bla.blaCMY_28_EF561644_1_1146_1146	Bla.blaCMY_2_AM779746_1_1149_1149	Bla.blaCMY_31_EF622224_1_1146_1146	Bla.blaCMY_32_EU496815_1_1146_1146	Bla.blaCMY_33_EU496816_1_1140_1140	Bla.blaCMY_34_EF394370_1_1146_1146	Bla.blaCMY_35_EF394371_1_1146_1146	Bla.blaCMY_36_EU331426_2375_3520_1146	Bla.blaCMY_37_AB280919_1_1146_1146	Bla.blaCMY_38_AM931008_1_1146_1146	Bla.blaCMY_39_AB372224_1_1146_1146	Bla.blaCMY_40_EU515251_1_1146_1146	Bla.blaCMY_41_AB429270_15_1160_1146	Bla.blaCMY_42_HM146927_1_1146_1146	Bla.blaCMY_43_FJ360626_1_1146_1146	Bla.blaCMY_44_FJ437066_1_1134_1134	Bla.blaCMY_45_FN546177_1_1146_1146	Bla.blaCMY_46_FN556186_1_1146_1146	Bla.blaCMY_47_HM046998_1040_2185_1146	Bla.blaCMY_48_HM569226_1040_2185_1146	Bla.blaCMY_49_GQ402541_1_1146_1146	Bla.blaCMY_4_AF420597_1_1146_1146	Bla.blaCMY_50_FN645444_1_1146_1146	Bla.blaCMY_51_JQ733571_1028_2173_1146	Bla.blaCMY_53_HQ336940_1_1146_1146	Bla.blaCMY_54_HM544039_1_1152_1152	Bla.blaCMY_55_HM544040_1_1146_1146	Bla.blaCMY_56_HQ322613_1_1146_1146	Bla.blaCMY_57_HQ285243_1_1146_1146	Bla.blaCMY_58_HQ185697_1268_2413_1146	Bla.blaCMY_5_Y17716_2374_3519_1146	Bla.blaCMY_60_JF460794_1_1146_1146	Bla.blaCMY_61_JF460795_1_1143_1143	Bla.blaCMY_62_JF460796_1_1146_1146	Bla.blaCMY_63_HQ650104_64_1209_1146	Bla.blaCMY_64_HQ832678_1_1146_1146	Bla.blaCMY_65_JN714479_1041_2186_1146	Bla.blaCMY_66_JN714478_1035_2180_1146	Bla.blaCMY_67_JQ711185_1028_2173_1146	Bla.blaCMY_68_JN714480_1040_2185_1146	Bla.blaCMY_69_JX049132_1_1146_1146	Bla.blaCMY_6_AJ011293_1_1146_1146	Bla.blaCMY_70_JX440350_1027_2172_1146	Bla.blaCMY_71_JQ711184_1027_2172_1146	Bla.blaCMY_72_JX440352_1028_2173_1146	Bla.blaCMY_73_GQ351345_1_1146_1146	Bla.blaCMY_74_JX440349_1027_2172_1146	Bla.blaCMY_75_JQ733572_1028_2173_1146	Bla.blaCMY_76_JQ733573_1028_2173_1146	Bla.blaCMY_77_JX440353_1027_2172_1146	Bla.blaCMY_78_JQ733575_1028_2173_1146	Bla.blaCMY_79_JQ733576_1028_2173_1146	Bla.blaCMY_7_AJ011291_1_1146_1146	Bla.blaCMY_80_JQ733577_1027_2172_1146	Bla.blaCMY_81_JQ733578_1008_2153_1146	Bla.blaCMY_83_JX440351_1027_2172_1146	Bla.blaCMY_84_JQ733579_1028_2173_1146	Bla.blaCMY_94_JX514368_272_1417_1146	Bla.blaCMY_95_JX514369_297_1483_1146	Bla.blaLAT_1_X78117_122_1287_1146
Bla_120	Bla.blaIMI_8_KP081315_1_879_879
Bla_121	Bla.blaCTX_M_100_FR682582_1_876_876	Bla.blaCTX_M_25_AF518567_2321_3196_876	Bla.blaCTX_M_26_AY157676_1_876_876	Bla.blaCTX_M_39_AY954516_1_876_876	Bla.blaCTX_M_41_DQ023162_1_876_876	Bla.blaCTX_M_78_AM982522_1_876_876	Bla.blaCTX_M_89_FJ971899_1_876_876	Bla.blaCTX_M_91_GQ870432_31_906_876	Bla.blaCTX_M_94_HM167760_1_876_876
Bla_122	Bla.blaCTX_M_101_HQ398214_250_1125_876	Bla.blaCTX_M_114_GQ351346_1_876_876	Bla.blaCTX_M_116_JF966749_158_1033_876	Bla.blaCTX_M_117_JN227085_1_876_876	Bla.blaCTX_M_123_JN790864_239_1114_876	Bla.blaCTX_M_12_AY293073_1_876_876	Bla.blaCTX_M_132_JX313020_1_876_876	Bla.blaCTX_M_136_KC351754_158_1033_876	Bla.blaCTX_M_139_KC107824_1_876_876	Bla.blaCTX_M_15_JQ686199_261_1136_876	Bla.blaCTX_M_1_X92506_63_938_866	Bla.blaCTX_M_22_AY080894_4_879_876	Bla.blaCTX_M_23_AF488377_63_938_876	Bla.blaCTX_M_28_AJ549244_1_876_876	Bla.blaCTX_M_29_AY267213_1_876_876	Bla.blaCTX_M_30_AY292654_1_876_876	Bla.blaCTX_M_32_AJ557142_1_876_876	Bla.blaCTX_M_33_AY238472_13_888_876	Bla.blaCTX_M_34_AY515297_1_876_876	Bla.blaCTX_M_36_AB177384_1_876_876	Bla.blaCTX_M_37_AY649755_18_893_876	Bla.blaCTX_M_3_Y10278_1_876_876	Bla.blaCTX_M_42_DQ061159_347_1222_876	Bla.blaCTX_M_52_GU125667_1_876_876	Bla.blaCTX_M_53_NC_011604_5892_6767_876	Bla.blaCTX_M_54_DQ303459_2175_3050_876	Bla.blaCTX_M_55_HM748991_321_1196_876	Bla.blaCTX_M_58_HQ734707_1_876_876	Bla.blaCTX_M_60_AM411407_1_876_876	Bla.blaCTX_M_61_GU125683_1_876_876	Bla.blaCTX_M_62_GU125669_1_876_876	Bla.blaCTX_M_66_EF576988_1_876_876	Bla.blaCTX_M_68_EU177100_5_880_876	Bla.blaCTX_M_69_EU402393_1_876_876	Bla.blaCTX_M_71_FJ815436_196_1071_876	Bla.blaCTX_M_72_AY847148_9_884_876	Bla.blaCTX_M_79_GU125702_1_876_876	Bla.blaCTX_M_80_EU202673_1_876_876	Bla.blaCTX_M_96_AJ704396_1_876_876
Bla_123	Bla.blaCTX_M_102_HQ398215_245_1120_876	Bla.blaCTX_M_104_HQ833652_245_1120_876	Bla.blaCTX_M_105_HQ833651_245_1120_876	Bla.blaCTX_M_111_JF274243_1_876_876	Bla.blaCTX_M_112_JF274246_1_876_876	Bla.blaCTX_M_113_JF274247_1_876_876	Bla.blaCTX_M_121_JN790862_245_1120_876	Bla.blaCTX_M_122_JN790863_233_1108_876	Bla.blaCTX_M_125_JQ724542_175_1050_876	Bla.blaCTX_M_126_AB703103_1_876_876	Bla.blaCTX_M_129_JX017364_239_1114_876	Bla.blaCTX_M_130_JX017365_245_1120_876	Bla.blaCTX_M_134_JX896165_1_876_876	Bla.blaCTX_M_14_AF252622_1741_2616_876	Bla.blaCTX_M_16_AY029068_1_876_876	Bla.blaCTX_M_17_AY033516_2826_3711_876	Bla.blaCTX_M_19_AF325134_1_876_876	Bla.blaCTX_M_21_AJ416346_557_1432_876	Bla.blaCTX_M_24_AY143430_1_876_876	Bla.blaCTX_M_27_AY156923_1_876_876	Bla.blaCTX_M_45_D89862_112_981_876	Bla.blaCTX_M_46_AY847147_82_957_876	Bla.blaCTX_M_47_AY847143_83_958_876	Bla.blaCTX_M_48_AY847144_82_957_876	Bla.blaCTX_M_49_AY847145_82_957_876	Bla.blaCTX_M_50_AY847146_83_958_876	Bla.blaCTX_M_51_DQ211987_1_876_876	Bla.blaCTX_M_65_EF418608_10_885_876	Bla.blaCTX_M_67_EF581888_1_876_876	Bla.blaCTX_M_81_EU136031_1_876_876	Bla.blaCTX_M_82_EU545409_81_956_876	Bla.blaCTX_M_83_FJ214366_1_876_876	Bla.blaCTX_M_84_FJ214367_1_876_876	Bla.blaCTX_M_85_FJ214368_1_876_876	Bla.blaCTX_M_86_FJ214369_1_876_876	Bla.blaCTX_M_90_FJ907381_1_876_876	Bla.blaCTX_M_93_HQ166709_1_876_876	Bla.blaCTX_M_98_HQ637575_1_876_876	Bla.blaCTX_M_99_HM803271_1_876_876	Bla.blaCTX_M_9_AF174129_1_876_876
Bla_124	Bla.blaCTX_M_124_JQ429324_1_876_876	Bla.blaCTX_M_131_JN969893_1_873_873	Bla.blaCTX_M_20_AJ416344_304_1179_876	Bla.blaCTX_M_2_EF592570_5803_6678_876	Bla.blaCTX_M_31_AJ567482_1_876_876	Bla.blaCTX_M_35_AB176534_1_876_876	Bla.blaCTX_M_43_HQ734713_1_876_876	Bla.blaCTX_M_44_D37830_91_966_876	Bla.blaCTX_M_4_Y14156_1_876_876	Bla.blaCTX_M_56_EF374097_1_876_876	Bla.blaCTX_M_59_EU622856_6869_7744_876	Bla.blaCTX_M_5_JN003855_131_1007_876	Bla.blaCTX_M_6_AJ005044_1_876_876	Bla.blaCTX_M_76_AM982520_5549_6424_876	Bla.blaCTX_M_77_AM982521_1912_2787_876	Bla.blaCTX_M_7_AJ005045_1_876_876	Bla.blaCTX_M_92_GU127598_1_876_876	Bla.blaCTX_M_95_FN813245_1912_2787_876	Bla.blaCTX_M_97_HM776707_1_876_876
Bla_125	Bla.blaCTX_M_64_GQ300937_269_1114_876
Bla_126	Bla.blaCTX_M_40_AY750914_207_1079_873	Bla.blaCTX_M_63_AB205197_4_876_873	Bla.blaCTX_M_8_AF189721_274_1119_876
Bla_127	Bla.blaKLUC_1_NG_049241_101_976_876	Bla.blaKLUC_2_NG_049242_101_976_876	Bla.blaKLUC_3_NG_062209_1_876_876	Bla.blaKLUC_4_NG_062210_1_876_876	Bla.blaKLUC_5_NG_062249_101_976_876
Bla_128	Bla.blaORN1a_AY307386_209_1084_876	Bla.blaORN1b_AY307387_170_1045_876	Bla.blaPLA1a_AY302757_187_1062_876	Bla.blaPLA2a_AY307385_162_1037_876
Bla_129	Bla.blaOXY1_1_Z30177_349_1224_876	Bla.blaOXY1_2_AJ871865_1_876_876	Bla.blaOXY1_3_AY077482_162_1037_876	Bla.blaOXY1_4_AY077483_183_1055_873	Bla.blaOXY1a_Y17715_147_1022_876	Bla.blaOXY4_1_AY077481_125_1058_934	Bla.blaOXY5_1_AJ871868_1_873_873	Bla.blaOXY5_2_AJ871871_1_873_873	Bla.blaOXY6_1_AJ871873_1_876_876	Bla.blaOXY6_2_AJ871875_1_873_873	Bla.blaOXY6_3_AJ871876_1_876_876	Bla.blaOXY6_4_AJ871877_1_873_873
Bla_13	Bla.blaMOX_5_GQ152600_1_1152_1152	Bla.blaMOX_6_GQ152601_1_1152_1152	Bla.blaMOX_7_GQ152602_1_1152_1152	Bla.blaMOX_8_JX173956_1_1152_1152
Bla_130	Bla.blaSFO_1_FJ848785_4719_5594_876
Bla_131	Bla.blaGOB_16_GU188443_1_873_873
Bla_132	Bla.blaHERA_1_AF311385_1_873_873	Bla.blaHERA_2_AF398334_1_873_873	Bla.blaHERA_3_AF398335_1_873_873	Bla.blaHERA_4_AJ536088_1_873_873	Bla.blaHERA_5_AJ536089_1_873_873	Bla.blaHERA_6_AJ536090_1_873_873	Bla.blaHERA_8_AJ536092_1_873_873
Bla_133	Bla.blaL1_NG_047517_101_973_873
Bla_134	Bla.blaOXY2_10_FJ785626_132_1004_873	Bla.blaOXY2_1_AJ871866_1_873_873	Bla.blaOXY2_2_AJ871867_1_873_873	Bla.blaOXY2_3_AY077488_162_1031_870	Bla.blaOXY2_4_AY17714_147_1016_870	Bla.blaOXY2_6_AY077485_184_1056_870	Bla.blaOXY2_7_Z49084_312_1184_873	Bla.blaOXY2_8_AY055205_182_1054_873	Bla.blaOXY2_9_FJ785625_132_1001_870
Bla_135	Bla.blaVHH_1_AF217649_134_985_852	Bla.blaVHW_1_AF217648_133_1005_873
Bla_136	Bla.blaCAU_1_AJ308331_1_870_870
Bla_137	Bla.blaGRD33_1_NG_062238_1_870_870
Bla_138	Bla.blaMSI_1_NG_049323_101_970_870
Bla_139	Bla.blaOXA_55_AY343493_77_946_870
Bla_14	Bla.blaAQU_1_AB765395_1_1143_1143	Bla.blaAQU_2_KF730243_1_1143_1143	Bla.blaAQU_3_KF730244_1_1149_1149
Bla_140	Bla.blaPLN_1_NG_055471_101_970_870
Bla_141	Bla.CARB_4_AY913772_1600_2466_867
Bla_142	Bla.CARB_7_AF409092_888_1754_867	Bla.CARB_9_AY248038_2073_2939_867
Bla_143	Bla.blaFPH_1_NG_054658_101_967_867
Bla_144	Bla.blaOXY3_1_AF491278_184_1050_867
Bla_145	Bla.blaSCO_1_AM939419_c2458_1592_867
Bla_146	Bla.blaFTU_1_NG_049110_101_964_864
Bla_147	Bla.blaGES_10_FJ820124_1124_1987_864	Bla.blaGES_11_JN253503_37_900_864	Bla.blaGES_12_FN554543_1_864_864	Bla.blaGES_13_GU169702_609_1472_864	Bla.blaGES_14_GU20784_1_864_864	Bla.blaGES_15_GU208678_1_864_864	Bla.blaGES_16_HM173356_512_1375_864	Bla.blaGES_17_HQ874631_1_864_864	Bla.blaGES_18_JQ028729_1_864_864	Bla.blaGES_19_JN596280_1919_2782_864	Bla.blaGES_1_HM370522_1_864_864	Bla.blaGES_20_JN596280_2848_3711_864	Bla.blaGES_21_JQ772478_141_1004_864	Bla.blaGES_22_JX023441_38_901_864	Bla.blaGES_24_AB901141_1_864_864	Bla.blaGES_26_KP096411_1_864_864	Bla.blaGES_2_AF326355_1_864_864	Bla.blaGES_3_AY494717_1_864_864	Bla.blaGES_4_AB116260_1330_2193_864	Bla.blaGES_6_AY494718_1_864_864	Bla.blaGES_9_AY920928_2690_3553_864	Bla.blaIBC_2_AF329699_373_1236_864
Bla_148	Bla.blaPAM_1_AB858498_1_864_864
Bla_149	Bla.blaLEN_15_AF452105_1_840_840	Bla.blaLEN_16_AY743416_68_928_861	Bla.blaLEN_17_DQ149134_1_861_861	Bla.blaLEN_18_AM850908_1_861_861	Bla.blaLEN_19_AM850909_1_861_861	Bla.blaLEN_1_X04515_286_1125_840	Bla.blaLEN_20_AM850910_1_861_861	Bla.blaLEN_21_AM850911_1_861_861	Bla.blaLEN_22_AM850912_1_861_861	Bla.blaLEN_23_AM850913_1_861_861	Bla.blaLEN_25_HQ709169_1_861_861	Bla.blaLEN_26_JX124390_1_861_861	Bla.blaLEN_2_AY037780_89_949_861	Bla.blaLEN_35_KR738737_1_861_861	Bla.blaLEN_36_KR738738_1_861_861	Bla.blaLEN_37_KR738739_1_861_861	Bla.blaLEN_5_AY633109_1_861_861	Bla.blaSHV_101_EU155018_1_861_861	Bla.blaSHV_102_EU024485_1_861_861	Bla.blaSHV_103_EU032604_1_861_861	Bla.blaSHV_104_EU274581_1_861_861	Bla.blaSHV_105_FJ194944_47_907_861	Bla.blaSHV_108_AM941849_1_861_861	Bla.blaSHV_109_EU418913_17_877_861	Bla.blaSHV_120_JF812965_1_861_861	Bla.blaSHV_121_AB538449_1_861_861	Bla.blaSHV_128_GU932590_1_861_861	Bla.blaSHV_12_FJ685654_24_860_837	Bla.blaSHV_132_GU981741_794_1654_861	Bla.blaSHV_133_AB551737_15_875_861	Bla.blaSHV_134_HM559945_1_861_861	Bla.blaSHV_135_HQ637576_1_861_861	Bla.blaSHV_13_AF164577_1_861_861	Bla.blaSHV_141_JQ388884_1_861_861	Bla.blaSHV_142_JQ029959_29_899_861	Bla.blaSHV_143_JQ341060_882_1742_861	Bla.blaSHV_144_JQ926986_1_861_861	Bla.blaSHV_145_JX013655_1_861_861	Bla.blaSHV_14_AF226622_55_915_861	Bla.blaSHV_157_JX121124_1_861_861	Bla.blaSHV_15_AJ011428_1_861_861	Bla.blaSHV_160_JX121127_1_861_861	Bla.blaSHV_161_JX121128_1_861_861	Bla.blaSHV_168_JX870080_1_861_861	Bla.blaSHV_172_KF513177_1_861_861	Bla.blaSHV_178_KF705209_1_861_861	Bla.blaSHV_179_KF705208_1_861_861	Bla.blaSHV_181_KP050488_1_861_861	Bla.blaSHV_185_KM233164_1_861_861	Bla.blaSHV_186_KM233165_1_861_861	Bla.blaSHV_189_KP050494_1_861_861	Bla.blaSHV_18_EU684753_1_861_861	Bla.blaSHV_190_KP868753_1_861_861	Bla.blaSHV_193_KR347170_1_861_861	Bla.blaSHV_1_AF148850_6_866_861	Bla.blaSHV_24_AB023477_1_861_861	Bla.blaSHV_25_AF208796_1_861_861	Bla.blaSHV_26_AF227204_74_934_861	Bla.blaSHV_29_AF301532_8_868_861	Bla.blaSHV_2_AF148851_6_866_861	Bla.blaSHV_2a_X98102_72_934_863	Bla.blaSHV_30_AY661885_49_909_861	Bla.blaSHV_31_GU064396_1_861_861	Bla.blaSHV_33_AY037779_89_949_861	Bla.blaSHV_34_AY036620_89_949_861	Bla.blaSHV_35_AY070258_1_861_861	Bla.blaSHV_36_AF467947_1_861_861	Bla.blaSHV_37_AF467948_1_861_861	Bla.blaSHV_38_GQ407124_1_861_861	Bla.blaSHV_40_AF535128_1_861_861	Bla.blaSHV_41_AF535129_1_861_861	Bla.blaSHV_42_AF535130_1_861_861	Bla.blaSHV_44_AY259119_117_977_861	Bla.blaSHV_46_AY210887_112_972_861	Bla.blaSHV_48_AY263404_1_861_861	Bla.blaSHV_49_AY528718_414_1274_861	Bla.blaSHV_50_AY288915_1_861_861	Bla.blaSHV_52_HQ845196_1_861_861	Bla.blaSHV_56_AY352599_1_861_861	Bla.blaSHV_57_AY223863_171_1031_861	Bla.blaSHV_59_AY790341_1_861_861	Bla.blaSHV_5_X55640_112_972_861	Bla.blaSHV_60_AJ866283_1_861_861	Bla.blaSHV_61_AJ866284_1_861_861	Bla.blaSHV_63_EU342351_173_1033_861	Bla.blaSHV_64_DQ174304_5_865_861	Bla.blaSHV_65_DQ174305_5_865_861	Bla.blaSHV_66_DQ174306_5_865_861	Bla.blaSHV_69_DQ174308_5_865_861	Bla.blaSHV_70_DQ013287_1_861_861	Bla.blaSHV_72_AM176547_31_891_861	Bla.blaSHV_73_AM176548_17_874_858	Bla.blaSHV_76_AM176551_31_891_861	Bla.blaSHV_78_FJ685658_1_861_861	Bla.blaSHV_79_AM176554_31_891_861	Bla.blaSHV_7_U20270_125_985_861	Bla.blaSHV_80_AM176555_1_861_861	Bla.blaSHV_82_AM176557_1_861_861	Bla.blaSHV_85_DQ322460_16_876_861	Bla.blaSHV_86_DQ328802_1_861_861	Bla.blaSHV_89_DQ193536_1_861_861	Bla.blaSHV_8_U92041_1_861_861	Bla.blaSHV_92_DQ836922_1_861_861	Bla.blaSHV_94_EF373970_1_861_861	Bla.blaSHV_95_EF373972_1_861_861	Bla.blaSHV_96_EF373971_1_861_861	Bla.blaSHV_97_EF373973_1_861_861	Bla.blaSHV_98_AM922304_1_861_861
Bla_15	Bla.blaCMY_10_AF373217_1_1149_1149	Bla.blaCMY_11_AF381626_254_1402_1149	Bla.blaCMY_19_AB194410_1_1146_1146	Bla.blaCMY_1_X92508_1_1149_1149	Bla.blaCMY_8_AF167990_613_1761_1149	Bla.blaCMY_9_AB061794_6018_7166_1149	Bla.blaMOX_1_D13304_233_1381_1159	Bla.blaMOX_2_AJ276453_4620_5768_1149	Bla.blaMOX_3_EU515248_1_1149_1149	Bla.blaMOX_4_FJ262599_1_1149_1149
Bla_150	Bla.blaOKP_A_10_AM051149_1_861_861	Bla.blaOKP_A_11_AM850915_20_880_861	Bla.blaOKP_A_12_AM950916_19_879_861	Bla.blaOKP_A_13_FJ534513_1_861_861	Bla.blaOKP_A_14_FJ534512_1_861_861	Bla.blaOKP_A_15_FJ755841_1_861_861	Bla.blaOKP_A_16_FJ755840_1_861_861	Bla.blaOKP_A_1_AJ635401_1_861_861	Bla.blaOKP_A_2_AJ635404_1_861_861	Bla.blaOKP_A_3_AM051140_1_861_861	Bla.blaOKP_A_4_AM051142_1_861_861	Bla.blaOKP_A_5_AM051143_1_861_861	Bla.blaOKP_A_6_AM051144_1_861_861	Bla.blaOKP_A_7_AM051145_1_861_861	Bla.blaOKP_A_8_AM051147_1_861_861	Bla.blaOKP_A_9_AM051148_1_861_861	Bla.blaOKP_B_10_AM051160_1_861_861	Bla.blaOKP_B_11_AM051161_1_861_861	Bla.blaOKP_B_13_AY825330_1_861_861	Bla.blaOKP_B_14_DQ149136_47_907_861	Bla.blaOKP_B_17_AM850919_25_885_861	Bla.blaOKP_B_18_AM850920_41_901_861	Bla.blaOKP_B_19_AM850921_25_885_861	Bla.blaOKP_B_1_AJ635402_1_861_861	Bla.blaOKP_B_20_AM850922_25_885_861	Bla.blaOKP_B_2_AM051151_1_861_861	Bla.blaOKP_B_3_AM051152_1_861_861	Bla.blaOKP_B_4_AM051153_1_861_861	Bla.blaOKP_B_5_AY512506_68_928_861	Bla.blaOKP_B_6_AY850171_1_861_861	Bla.blaOKP_B_7_AM051156_1_861_861	Bla.blaOKP_B_8_AM051157_1_861_861	Bla.blaOKP_B_9_AM051159_1_861_861
Bla_151	Bla.blaPEDO_1_KP109677_4319_5179_861
Bla_152	Bla.blaPOM_1_EU315252_972_1832_861
Bla_153	Bla.blaTEM_101_AF495873_1_861_861	Bla.blaTEM_104_AF516719_215_1075_861	Bla.blaTEM_105_AF516720_215_1075_861	Bla.blaTEM_106_AY101578_215_1075_861	Bla.blaTEM_107_AY101764_207_1067_861	Bla.blaTEM_108_AF506748_39_899_861	Bla.blaTEM_109_AY628175_211_1071_861	Bla.blaTEM_111_AF468003_1_861_861	Bla.blaTEM_112_AY589493_167_1027_861	Bla.blaTEM_113_AY589494_194_1054_861	Bla.blaTEM_114_AY589495_182_1042_861	Bla.blaTEM_115_AF535127_209_1069_861	Bla.blaTEM_116_AY425988_6_866_861	Bla.blaTEM_11_AY874537_178_1038_861	Bla.blaTEM_120_AY243512_209_1069_861	Bla.blaTEM_121_AY307374_1_861_861	Bla.blaTEM_122_AY307100_1_861_861	Bla.blaTEM_123_AY327539_1_858_858	Bla.blaTEM_124_AY327540_1_858_858	Bla.blaTEM_125_AY628176_76_936_861	Bla.blaTEM_126_AY628199_204_1064_861	Bla.blaTEM_127_AY368236_1_861_861	Bla.blaTEM_128_AY359287_186_1046_861	Bla.blaTEM_129_AY452662_184_1044_861	Bla.blaTEM_12_M88143_368_1228_861	Bla.blaTEM_130_AJ866988_1_861_861	Bla.blaTEM_131_AY436361_132_992_861	Bla.blaTEM_132_AY491682_1_861_861	Bla.blaTEM_133_AY528425_1_861_861	Bla.blaTEM_134_AY574271_1_861_861	Bla.blaTEM_135_JQ060998_1_861_861	Bla.blaTEM_136_AY826417_1_861_861	Bla.blaTEM_137_AM286274_1_861_861	Bla.blaTEM_138_AY853593_215_1075_861	Bla.blaTEM_139_DQ072853_1_861_861	Bla.blaTEM_141_AY956335_39_899_861	Bla.blaTEM_142_DQ388882_1_861_861	Bla.blaTEM_143_DQ075245_218_1078_861	Bla.blaTEM_144_DQ256080_215_1075_861	Bla.blaTEM_145_DQ105528_1_861_861	Bla.blaTEM_146_DQ105529_1_861_861	Bla.blaTEM_147_DQ279850_1_861_861	Bla.blaTEM_148_AM087454_209_1069_861	Bla.blaTEM_149_DQ369751_1_861_861	Bla.blaTEM_150_AM183304_209_1069_861	Bla.blaTEM_151_DQ834729_206_1066_861	Bla.blaTEM_152_DQ834728_206_1066_861	Bla.blaTEM_153_KC149518_1_861_861	Bla.blaTEM_154_FJ807656_1_861_861	Bla.blaTEM_155_DQ679961_115_975_861	Bla.blaTEM_156_AM115459_209_1069_861	Bla.blaTEM_157_DQ909059_1_861_861	Bla.blaTEM_158_EF534736_214_1074_861	Bla.blaTEM_159_EF136376_1_861_861	Bla.blaTEM_15_AM849805_263_1123_861	Bla.blaTEM_160_EF136377_1_861_861	Bla.blaTEM_162_EF468463_67_927_861	Bla.blaTEM_163_EU815939_1_861_861	Bla.blaTEM_164_EU274580_215_1075_861	Bla.blaTEM_166_FJ197316_1_861_861	Bla.blaTEM_167_FJ360884_214_1074_861	Bla.blaTEM_168_FJ919776_209_1069_861	Bla.blaTEM_16_X65254_176_1036_861	Bla.blaTEM_171_GQ149347_5270_6030_861	Bla.blaTEM_176_GU550123_145_1005_861	Bla.blaTEM_177_FN652295_1_861_861	Bla.blaTEM_178_X97254_154_1011_858	Bla.blaTEM_17_Y14574_1_861_861	Bla.blaTEM_182_HQ317449_1_861_861	Bla.blaTEM_183_HQ529916_111_971_861	Bla.blaTEM_185_JF795538_1_861_861	Bla.blaTEM_186_JN227084_309_1169_861	Bla.blaTEM_187_HM246246_212_1069_858	Bla.blaTEM_188_JN211012_214_1074_861	Bla.blaTEM_189_JN254627_1_861_861	Bla.blaTEM_190_JN416112_1_861_861	Bla.blaTEM_193_JN935135_1_861_861	Bla.blaTEM_194_JN935136_1_861_861	Bla.blaTEM_195_JN935137_1_861_861	Bla.blaTEM_197_HQ877606_1_861_861	Bla.blaTEM_198_AB700703_162_1022_861	Bla.blaTEM_1D_AF188200_215_1075_861	Bla.blaTEM_1_JQ735917_1_861_861	Bla.blaTEM_201_JX310327_1_861_861	Bla.blaTEM_206_KC783461_1_861_861	Bla.blaTEM_207_KC818234_1_861_861	Bla.blaTEM_208_KC865667_184_1044_861	Bla.blaTEM_209_KF240808_1_861_861	Bla.blaTEM_20_EU527189_4132_4992_861	Bla.blaTEM_211_KF513179_1_861_861	Bla.blaTEM_214_KP050491_1_861_861	Bla.blaTEM_215_KP050492_1_861_861	Bla.blaTEM_216_KF944358_1_861_861	Bla.blaTEM_217_HG934763_1_861_861	Bla.blaTEM_219_KM114268_1_861_861	Bla.blaTEM_21_AF466526_1346_2206_861	Bla.blaTEM_220_KM998962_1_861_861	Bla.blaTEM_24_GQ293500_4033_4893_861	Bla.blaTEM_28_ECU37195_76_936_861	Bla.blaTEM_29_AJ277416_1_861_861	Bla.blaTEM_2_AY529705_167_1027_861	Bla.blaTEM_30_AJ437107_209_1069_861	Bla.blaTEM_33_GU371926_50305_51165_861	Bla.blaTEM_34_KC292503_4335_5195_861	Bla.blaTEM_3_X64523_477_1337_861	Bla.blaTEM_43_U95363_1_861_861	Bla.blaTEM_47_Y10279_1_861_861	Bla.blaTEM_48_Y10280_1_861_861	Bla.blaTEM_49_Y10281_1_861_861	Bla.blaTEM_52_Y13612_1_861_861	Bla.blaTEM_53_AF104441_194_1054_861	Bla.blaTEM_54_AF104442_194_1054_861	Bla.blaTEM_55_DQ286729_1_861_861	Bla.blaTEM_57_FJ405211_1_861_861	Bla.blaTEM_60_AF047171_136_996_861	Bla.blaTEM_63_AF332513_104_964_861	Bla.blaTEM_67_AF091113_451_1311_861	Bla.blaTEM_68_AJ239002_1_861_861	Bla.blaTEM_6_X57972_340_1200_861	Bla.blaTEM_70_AF188199_215_1075_861	Bla.blaTEM_71_AF203816_211_1071_861	Bla.blaTEM_72_AF157553_148_1008_861	Bla.blaTEM_76_AF190694_209_1069_861	Bla.blaTEM_77_AF190695_209_1069_861	Bla.blaTEM_78_AF190693_209_1069_861	Bla.blaTEM_79_AF190692_209_1069_861	Bla.blaTEM_80_AF347054_209_1069_861	Bla.blaTEM_81_AF427127_209_1069_861	Bla.blaTEM_82_AF427128_209_1069_861	Bla.blaTEM_83_AF427129_209_1069_861	Bla.blaTEM_84_AF427130_209_1069_861	Bla.blaTEM_85_AJ277414_1_861_861	Bla.blaTEM_86_AJ277415_1_861_861	Bla.blaTEM_87_AF250872_1_861_861	Bla.blaTEM_88_AY027590_113_973_861	Bla.blaTEM_8_X65252_176_1036_861	Bla.blaTEM_90_AF351241_90_950_861	Bla.blaTEM_91_AB049569_1_861_861	Bla.blaTEM_92_AF143804_1_861_861	Bla.blaTEM_93_AJ318093_1_861_861	Bla.blaTEM_94_AJ318094_1_861_861	Bla.blaTEM_95_AJ308558_124_1084_861	Bla.blaTEM_96_AY092401_1_861_861	Bla.blaTEM_97_AF397067_1_861_861	Bla.blaTEM_98_AF397068_1_861_861	Bla.blaTEM_99_AF397066_1_861_861
Bla_154	Bla.blaLAP_1_EF026092_1_858_858	Bla.blaLAP_2_EU159120_1_858_858
Bla_155	Bla.blaOXA_62_AY423074_1_858_858
Bla_156	Bla.blaPEDO_2_KP109678_5818_6675_858
Bla_157	Bla.blaSPG_1_NG_050139_101_958_858
Bla_158	Bla.aci1_AJ007350_240_1094_855
Bla_159	Bla.blaOXA_296_NG_049591_101_955_855	Bla.blaOXA_666_BK010552_1_855_855
Bla_16	Bla.blaFOX_10_JX049131_1_1149_1149	Bla.blaFOX_1_X77455_701_1849_1149	Bla.blaFOX_2_Y10282_19_1167_1149	Bla.blaFOX_3_Y11068_17_1165_1149	Bla.blaFOX_4_AJ277535_1_1149_1149	Bla.blaFOX_5_AY007369_1_1149_1149	Bla.blaFOX_7_AJ703796_1_1149_1149	Bla.blaFOX_8_HM565917_1_1149_1149	Bla.blaFOX_9_JF896803_1_1149_1149
Bla_160	Bla.blaVCC_1_NG_050316_101_955_855
Bla_161	Bla.blaBEL_1_GU250439_763_1614_852	Bla.blaBEL_2_FJ666063_1_852_852	Bla.blaBEL_3_GQ202694_1_852_852
Bla_162	Bla.blaCARB_17_NG_048719_1_852_852	Bla.blaCARB_18_NG_048720_1_852_852	Bla.blaCARB_19_NG_048721_1_852_852	Bla.blaCARB_22_NG_048725_101_952_852	Bla.blaCARB_24_NG_048727_1_852_852	Bla.blaCARB_25_NG_048728_1_852_852	Bla.blaCARB_26_NG_048729_1_852_852	Bla.blaCARB_27_NG_048730_1_852_852	Bla.blaCARB_28_NG_048731_1_852_852	Bla.blaCARB_29_NG_048732_1_852_852	Bla.blaCARB_30_NG_048734_1_852_852	Bla.blaCARB_31_NG_048735_1_852_852	Bla.blaCARB_32_NG_048736_1_852_852	Bla.blaCARB_33_NG_048737_1_852_852	Bla.blaCARB_34_NG_048738_1_852_852	Bla.blaCARB_35_NG_048739_1_852_852	Bla.blaCARB_36_NG_048740_1_852_852	Bla.blaCARB_38_NG_048741_1_852_852	Bla.blaCARB_40_NG_048743_1_852_852	Bla.blaCARB_41_NG_048744_1_852_852	Bla.blaCARB_43_NG_048746_1_852_852	Bla.blaCARB_44_NG_048747_101_952_852	Bla.blaCARB_45_NG_048748_101_952_852
Bla_163	Bla.blaCARB_42_NG_048745_1_852_852
Bla_164	Bla.blaARL_1_NG_054950_101_949_849	Bla.blaARL_2_NG_054948_101_949_849	Bla.blaARL_3_NG_054949_101_949_849	Bla.blaARL_4_NG_054947_101_949_849	Bla.blaARL_6_NG_054952_101_949_849
Bla_165	Bla.blaARL_5_NG_054951_101_949_849
Bla_166	Bla.blaFEZ_1_Y17896_1_849_849
Bla_167	Bla.blaZ_AB245469_2235_3080_861
Bla_168	Bla.blaOXA_164_GU831575_1_843_843	Bla.blaOXA_58_AY665723_3301_4143_843	Bla.blaOXA_96_DQ519090_63_905_843	Bla.blaOXA_97_EF102240_11723_12565_843
Bla_169	Bla.blaSMB_1_AB636283_1_843_843
Bla_17	Bla.blaTRU_1_EU046614_1_1149_1149
Bla_170	Bla.blaOXA_9_NC_015515_451_1290_840
Bla_171	Bla.PBP1b_AF101781_1_2466_2466
Bla_172	Bla.blaSPN79_1_NG_062234_1_837_837
Bla_173	Bla.blaOXA_1_JQ682867_1_831_831	Bla.blaOXA_224_JN596991_2281_3111_831	Bla.blaOXA_31_AF294653_754_1581_828	Bla.blaOXA_320_KF151169_1_831_831	Bla.blaOXA_392_NG_064747_101_931_831	Bla.blaOXA_47_AY237830_1_831_831	Bla.blaOXA_4_JN129451_1037_1867_831	Bla.blaOXA_796_NG_064754_101_931_831
Bla_174	Bla.blaOXA_228_JQ422053_100_930_831	Bla.blaOXA_229_JQ422052_1100_1930_831	Bla.blaOXA_230_JQ422054_101_931_831
Bla_175	Bla.blaOXA_235_JQ820240_591_1421_831	Bla.blaOXA_236_JQ820242_1_831_831	Bla.blaOXA_237_JQ820241_1_831_831	Bla.blaOXA_278_KC771279_1_831_831
Bla_176	Bla.blaSPM_1_GU831565_1_831_831
Bla_177	Bla.blaNDM_10_KF361506_1_813_813	Bla.blaNDM_11_MK348670_1_813_813	Bla.blaNDM_12_AB926431_511_1323_813	Bla.blaNDM_13_LC012596_3586_4398_813	Bla.blaNDM_14_KM210086_9068_9880_813	Bla.blaNDM_15_KP735848_1_813_813	Bla.blaNDM_16_KP862821_1_813_813	Bla.blaNDM_17_KX812714_1_813_813	Bla.blaNDM_18_KY503030_1_828_828	Bla.blaNDM_19_MF370080_1_813_813	Bla.blaNDM_1_JQ080305_1_813_813	Bla.blaNDM_20_MF458176_9953_10765_813	Bla.blaNDM_21_MG183694_1_813_813	Bla.blaNDM_22_MH243357_1_813_813	Bla.blaNDM_23_NG_060570_1_813_813	Bla.blaNDM_24_MH991819_218_1030_813	Bla.blaNDM_27_MK105832_1_813_813	Bla.blaNDM_28_MK425035_1_813_813	Bla.blaNDM_2_JN112341_1_813_813	Bla.blaNDM_3_JQ734687_1_813_813	Bla.blaNDM_4_JQ348841_1_813_813	Bla.blaNDM_5_JN104597_1_813_813	Bla.blaNDM_6_JN967644_1_813_813	Bla.blaNDM_7_JX412225_1_813_813	Bla.blaNDM_8_AB744718_1_813_813	Bla.blaNDM_9_KC999080_380_1193_813
Bla_178	Bla.blaOXA_114_EU188842_1_828_828
Bla_179	Bla.blaOXA_139_AM991978_1_828_828	Bla.blaOXA_160_GU199038_1196_2023_828	Bla.blaOXA_207_JQ838185_1_828_828	Bla.blaOXA_24_AJ239129_1_828_828	Bla.blaOXA_25_AF201826_22_849_828	Bla.blaOXA_26_AF201827_22_849_828	Bla.blaOXA_72_AY739646_1_828_828
Bla_18	Bla.cepH_AJ276030_2638_3816_1179
Bla_180	Bla.blaOXA_141_EF552405_13_840_828	Bla.blaOXA_15_U63835_128_955_828	Bla.blaOXA_161_GQ202693_1172_1999_828	Bla.blaOXA_210_JF795487_1_828_828	Bla.blaOXA_21_DQ522237_3974_4801_825	Bla.blaOXA_2_HM131431_1_828_828	Bla.blaOXA_32_AF315351_673_1500_828	Bla.blaOXA_3_L07945_61_888_828
Bla_181	Bla.blaOXA_143_GQ861437_2914_3741_828	Bla.blaOXA_182_HM640278_1_828_828	Bla.blaOXA_231_JQ326200_1_828_828	Bla.blaOXA_253_MH347317_1035_1862_828	Bla.blaOXA_255_KC479325_669_1496_828	Bla.blaOXA_499_KX828713_1_828_828	Bla.blaOXA_649_MH211242_1_828_828	Bla.blaOXA_825_MK807021_1_828_828
Bla_182	Bla.blaOXA_18_EU503121_2921_3748_828
Bla_183	Bla.blaOXA_214_JN861782_1_828_828	Bla.blaOXA_215_JN861783_1_828_828
Bla_184	Bla.blaOXA_243a_JX206446_1_828_828	Bla.blaOXA_787_NG_064748_1_828_828	Bla.blaOXA_789_NG_064750_1_828_828
Bla_185	Bla.blaOXA_53_AY289608_617_1444_828
Bla_186	Bla.blaOXA_542_KY646155_1_828_828
Bla_187	Bla.blaOXA_100_AM231720_1_825_825	Bla.blaOXA_106_EF650032_1_825_825	Bla.blaOXA_107_EF650033_1_825_825	Bla.blaOXA_108_EF650034_1_825_825	Bla.blaOXA_109_FJ157357_1_825_825	Bla.blaOXA_110_EF650036_1_825_825	Bla.blaOXA_111_EF650037_1_825_825	Bla.blaOXA_112_EF650038_1_825_825	Bla.blaOXA_113_EF653400_435_1259_825	Bla.blaOXA_115_EU029998_576_1400_825	Bla.blaOXA_117_GQ423625_1_825_825	Bla.blaOXA_120_HE963768_1_825_825	Bla.blaOXA_128_EU375515_1_825_825	Bla.blaOXA_130_EU547445_1_825_825	Bla.blaOXA_131_EU547446_1_825_825	Bla.blaOXA_132_EU547447_1_825_825	Bla.blaOXA_138_EU670845_1_828_828	Bla.blaOXA_144_FJ872530_1_825_825	Bla.blaOXA_148_GQ853679_1_825_825	Bla.blaOXA_149_GQ853680_1_825_825	Bla.blaOXA_150_GQ853681_1_825_825	Bla.blaOXA_172_HM113558_1_825_825	Bla.blaOXA_173_HM113559_1_825_825	Bla.blaOXA_174_HM113560_1_825_825	Bla.blaOXA_175_HM113561_1_825_825	Bla.blaOXA_176_HM113562_1_825_825	Bla.blaOXA_177_HM113563_1_825_825	Bla.blaOXA_178_HM113564_1_825_825	Bla.blaOXA_179_HM570035_1_825_825	Bla.blaOXA_180_HM570036_1_825_825	Bla.blaOXA_199_HQ637466_1233_2057_825	Bla.blaOXA_200_HQ734811_1_825_825	Bla.blaOXA_201_HQ734812_1_825_825	Bla.blaOXA_202_HQ734813_1_825_825	Bla.blaOXA_203_HQ998857_1_825_825	Bla.blaOXA_206_AB634250_1_825_825	Bla.blaOXA_208_FR853176_1_825_825	Bla.blaOXA_216_FR865168_1_825_825	Bla.blaOXA_217_JN603240_1_825_825	Bla.blaOXA_219_JN215211_1_825_825	Bla.blaOXA_223_JN248564_1_825_825	Bla.blaOXA_241_JX025021_1_825_825	Bla.blaOXA_242_JX025022_1_825_825	Bla.blaOXA_248_HE963769_1_825_825	Bla.blaOXA_249_HE963770_1_825_825	Bla.blaOXA_250_HE963771_1_825_825	Bla.blaOXA_51_DQ385606_669_1493_825	Bla.blaOXA_64_AY750907_1_825_825	Bla.blaOXA_65_AY750908_1_825_825	Bla.blaOXA_66_EF051061_485_1309_825	Bla.blaOXA_67_DQ491200_1_825_825	Bla.blaOXA_68_AY750910_1_825_825	Bla.blaOXA_69_AY750911_1_825_825	Bla.blaOXA_70_AY750912_1_825_825	Bla.blaOXA_71_AY750913_1_825_825	Bla.blaOXA_75_AY859529_1_825_825	Bla.blaOXA_76_AY949203_1_825_825	Bla.blaOXA_77_AY949202_1_825_825	Bla.blaOXA_78_AY862132_1_825_825	Bla.blaOXA_797_NG_064755_1_825_825	Bla.blaOXA_798_NG_064756_1_825_825	Bla.blaOXA_799_NG_064757_1_825_825	Bla.blaOXA_79_EU019534_1_825_825	Bla.blaOXA_800_NG_064758_1_825_825	Bla.blaOXA_80_HQ637467_1233_2057_825	Bla.blaOXA_82_GQ352402_8775_9599_825	Bla.blaOXA_83_DQ309277_1_825_825	Bla.blaOXA_84_DQ309276_1_825_825	Bla.blaOXA_86_DQ149247_1_825_825	Bla.blaOXA_87_DQ348075_1_825_825	Bla.blaOXA_88_DQ392963_9_833_825	Bla.blaOXA_89_DQ445683_1_825_825	Bla.blaOXA_90_EU547443_1_825_825	Bla.blaOXA_91_DQ519086_1199_2023_825	Bla.blaOXA_92_DQ335566_1_825_825	Bla.blaOXA_93_DQ519087_39_863_825	Bla.blaOXA_94_DQ519088_9_833_825	Bla.blaOXA_95_DQ519089_9_833_825	Bla.blaOXA_98_AM279652_1_825_825	Bla.blaOXA_99_DQ888718_1_825_825
Bla_188	Bla.blaOXA_133_EU571228_823_1644_825	Bla.blaOXA_134_FJ195387_695_1516_822	Bla.blaOXA_146_FJ194460_174_998_825	Bla.blaOXA_165_HM488986_1_822_822	Bla.blaOXA_166_HM488987_1_822_822	Bla.blaOXA_167_HM488988_1_822_822	Bla.blaOXA_168_HM488989_1_822_822	Bla.blaOXA_169_HM488990_1_822_822	Bla.blaOXA_170_HM488991_1_822_822	Bla.blaOXA_171_HM488992_1_822_822	Bla.blaOXA_225_JN638887_1_822_822	Bla.blaOXA_239_JQ837239_1_822_822	Bla.blaOXA_23_EF120622_1499_2320_822	Bla.blaOXA_27_AF201828_116_937_822	Bla.blaOXA_49_AY288523_1_825_825	Bla.blaOXA_73_AY762325_116_937_822	Bla.blaOXA_806_NG_064764_1_822_822	Bla.blaOXA_807_NG_064765_1_822_822	Bla.blaOXA_808_NG_064766_1_822_822	Bla.blaOXA_809_NG_064767_1_822_822	Bla.blaOXA_810_NG_064768_1_822_822	Bla.blaOXA_811_NG_064769_1_822_822	Bla.blaOXA_812_NG_064770_1_822_822	Bla.blaOXA_814_NG_064772_1_822_822	Bla.blaOXA_815_NG_064773_1_822_822	Bla.blaOXA_816_NG_064774_1_822_822	Bla.blaOXA_817_NG_064775_1_822_822	Bla.blaOXA_818_NG_064776_1_822_822
Bla_189	Bla.blaOXA_209_JF268688_5408_6232_825
Bla_19	Bla.blaACT_10_JN848330_1_1146_1146	Bla.blaACT_1_U58495_28_1173_1146	Bla.blaACT_2_AM076977_1_1146_1146	Bla.blaACT_38_KP836350_1_1146_1146	Bla.blaACT_3_EU427302_1476_2618_1143	Bla.blaACT_4_AJ311172_12_1157_1146	Bla.blaACT_6_FJ237366_41_1186_1146	Bla.blaACT_8_FN645445_1_1146_1146	Bla.blaAZECL_25_KJ949106_1_1146_1146	Bla.blaMIR_1_M37839_928_2073_1146	Bla.blaMIR_2_AY227752_89_1234_1146	Bla.blaMIR_3_AY743435_14_1159_1146	Bla.blaMIR_4_NG_049305_30_1175_1146	Bla.blaMIR_5_FJ237367_1_1146_1146	Bla.blaMIR_6_JQ664733_1_1146_1146
Bla_190	Bla.blaOXA_211_JN861779_1_825_825	Bla.blaOXA_212_JN861780_1_825_825	Bla.blaOXA_309_HF947514_1_825_825
Bla_191	Bla.blaOXA_22_AF064820_952_1776_825
Bla_192	Bla.blaOXA_258_HE614014_1_825_825
Bla_193	Bla.blaOXA_347_JN086160_1583_2407_825
Bla_194	Bla.blaOXA_213_JN861781_1_825_825	Bla.blaOXA_805_NG_064763_1_822_822
Bla_195	Bla.blaOXA_801_NG_064759_1_822_822	Bla.blaOXA_802_NG_064760_1_822_822	Bla.blaOXA_819_NG_064777_1_822_822
Bla_196	Bla.blaOXA_803_NG_064761_1_822_822	Bla.blaOXA_804_NG_064762_1_822_822	Bla.blaOXA_820_NG_064778_1_822_822	Bla.blaOXA_821_NG_064779_1_822_822
Bla_197	Bla.blaOXA_60_AY664505_1_816_816
Bla_198	Bla.blaOXA_136_EU086830_89_898_810	Bla.blaOXA_137_EU086835_89_898_810	Bla.blaOXA_192_JF273470_1_810_810	Bla.blaOXA_63_AY619003_704_1510_807
Bla_199	Bla.blaOXA_42_AJ488302_1_810_810	Bla.blaOXA_43_AJ488303_1_810_810	Bla.blaOXA_57_AJ631966_1_810_810	Bla.blaOXA_59_AJ632249_1_810_810
Bla_2	Bla.beta_lactamase_class_C_NC_010410_1184557_1185747_1191	Bla.blaADC_10_NG_048634_1_1167_1167	Bla.blaADC_11_NG_048635_1_1152_1152	Bla.blaADC_12_NG_048636_1_1152_1152	Bla.blaADC_13_NG_048637_1_1152_1152	Bla.blaADC_14_NG_048638_1_1152_1152	Bla.blaADC_17_NG_048641_1_1152_1152	Bla.blaADC_19_NG_048643_1__1152_1152	Bla.blaADC_1_NG_048633_1_1152_1152	Bla.blaADC_20_NG_048645_1_1152_1152	Bla.blaADC_21_NG_048646_1_1152_1152	Bla.blaADC_22_NG_048647_1_1132_1132	Bla.blaADC_25_EF016355_1_1152_1152	Bla.blaADC_2_NG_048644_101_1252_1152	Bla.blaADC_30_JF265068_955_2106_1152	Bla.blaADC_56_JF265067_955_2106_1152	Bla.blaADC_58_JQ319653_1_1152_1152	Bla.blaADC_59_JQ319654_1_1152_1152	Bla.blaADC_60_JQ692087_1_1152_1152	Bla.blaADC_61_JQ753702_1_1152_1152	Bla.blaADC_62_JQ867374_1_1152_1152	Bla.blaADC_67_JX169789_1_1152_1152	Bla.blaADC_68_KC866352_1_1152_1152	Bla.blaADC_73_KP881233_1_1152_1152	Bla.blaADC_74_KP881234_1_1152_1152	Bla.blaADC_75_KP881235_1_1152_1152	Bla.blaADC_76_KP881236_1_1152_1152	Bla.blaADC_77_KP881237_54_1205_1152	Bla.blaADC_78_KP881238_1_1152_1152
Bla_20	Bla.blaACT_12_JX440355_752_1897_1146
Bla_200	Bla.blaBAT_1_NG_050940_101_907_807
Bla_201	Bla.BSU_1_NG_050942_101_904_804
Bla_202	Bla.blaOXA_129_AM932669_699_1502_804	Bla.blaOXA_5_X58272_80_883_804
Bla_203	Bla.blaOXA_101_AM412777_118_918_801	Bla.blaOXA_10_HQ386834_1465_2265_801	Bla.blaOXA_11_Z22590_155_955_801	Bla.blaOXA_13_U59183_940_1740_801	Bla.blaOXA_142_EU358785_721_1521_801	Bla.blaOXA_145_FJ790516_1288_2085_798	Bla.blaOXA_147_FJ848783_1271_2071_801	Bla.blaOXA_14_L38523_1_775_775	Bla.blaOXA_16_AF043100_1_775_775	Bla.blaOXA_17_DQ902344_2717_3517_801	Bla.blaOXA_183_HQ111474_1057_1857_801	Bla.blaOXA_19_FJ906752_1219_2019_801	Bla.blaOXA_240_JX089628_1_801_801	Bla.blaOXA_251_JN118546_1762_2562_801	Bla.blaOXA_256_HE616889_1827_2627_801	Bla.blaOXA_28_FJ374756_1337_2137_801	Bla.blaOXA_35_FJ957893_1271_2071_801	Bla.blaOXA_56_AY445080_1_801_801	Bla.blaOXA_74_AJ854182_1_801_801	Bla.blaOXA_794_NG_064752_1_801_801	Bla.blaOXA_795_NG_064753_1_795_795	Bla.blaOXA_7_X75562_135_935_801	Bla.blaOXA_823_NG_064780_1_801_801	Bla.blaOXA_824_MK750001_1_801_801
Bla_204	Bla.blaOXA_118_AF371964_119_919_801	Bla.blaOXA_119_AY139598_1422_2222_801	Bla.blaOXA_205_JF800667_658_1458_801	Bla.blaOXA_46_AF317511_2371_3171_801
Bla_205	Bla.blaOXA_20_AF024602_1238_2038_801	Bla.blaOXA_37_AY007784_1123_1923_801
Bla_206	Bla.blaOXA_29_AJ400619_34_834_801
Bla_207	Bla.blaVIM_10_AY524989_1_801_801	Bla.blaVIM_11_EF116550_128_928_801	Bla.blaVIM_12_DQ143913_1775_2575_801	Bla.blaVIM_14_EF055455_1_801_801	Bla.blaVIM_15_EU419745_1_801_801	Bla.blaVIM_16_EU419746_1_801_801	Bla.blaVIM_17_EU118148_1011_1811_801	Bla.blaVIM_18_AM778091_27_815_789	Bla.blaVIM_19_FJ915116_1_801_801	Bla.blaVIM_1_GU724868_1023_1823_801	Bla.blaVIM_20_GQ414736_1_801_801	Bla.blaVIM_23_GQ242167_1_801_801	Bla.blaVIM_24_HM855205_1_801_801	Bla.blaVIM_25_HM750249_91_891_801	Bla.blaVIM_26_FR748153_260_1060_801	Bla.blaVIM_27_HQ858608_1_801_801	Bla.blaVIM_28_JF900599_1_801_801	Bla.blaVIM_29_JX311308_1_801_801	Bla.blaVIM_2_AY884050_551_1351_801	Bla.blaVIM_30_JN129451_88_888_801	Bla.blaVIM_31_JN982330_246_1046_801	Bla.blaVIM_32_JN676230_1550_2350_801	Bla.blaVIM_33_JX258134_1_801_801	Bla.blaVIM_34_JX013656_1_801_801	Bla.blaVIM_35_JX982634_1_801_801	Bla.blaVIM_36_JX982635_1_801_801	Bla.blaVIM_37_JX982636_1_801_801	Bla.blaVIM_38_KC469971_1_801_801	Bla.blaVIM_39_KF131539_1_801_801	Bla.blaVIM_3_GU966683_80_880_801	Bla.blaVIM_42_KP071470_1_801_801	Bla.blaVIM_43_KP096412_1_801_801	Bla.blaVIM_44_KP681696_1_801_801	Bla.blaVIM_45_KP681695_1_801_801	Bla.blaVIM_46_KP749829_1_801_801	Bla.blaVIM_4_JF905459_707_1507_801	Bla.blaVIM_5_DQ023222_1316_2116_801	Bla.blaVIM_6_AY165025_1_801_801	Bla.blaVIM_8_AY524987_1_801_801	Bla.blaVIM_9_AY524988_1_801_801
Bla_208	Bla.blaVIM_13_DQ365886_1_801_801
Bla_209	Bla.blaOXA_162_GU197550_1_798_798	Bla.blaOXA_163_HQ700343_1_786_786	Bla.blaOXA_181_HM992946_1_798_798	Bla.blaOXA_204_JQ809466_5375_6172_798	Bla.blaOXA_244_JX438000_1_798_798	Bla.blaOXA_245_JX438001_1_798_798	Bla.blaOXA_247_JX893517_1_786_786	Bla.blaOXA_48_AY236073_2188_2985_798	Bla.blaOXA_788_NG_064749_1_786_786	Bla.blaOXA_792_NG_064751_1_792_792
Bla_21	Bla.blaACT_14_JX440354_757_1902_1146	Bla.blaACT_15_JX440356_755_1900_1146	Bla.blaACT_16__NG_050702_1_1146_1146	Bla.blaACT_5_FJ237369_1_1146_1146	Bla.blaACT_7_FJ237368_1_1146_1146
Bla_210	Bla.blaOXA_436_KY863418_140926_141723_798
Bla_211	Bla.blaOXA_54_AY500137_1_798_798
Bla_212	Bla.blaVIM_7_AJ536835_150_946_801
Bla_213	Bla.blaOXA_12_U10251_181_975_795
Bla_214	Bla.blaOXA_45_AM849110_2553_3347_795
Bla_215	Bla.blaBPU_1_NG_050941_101_889_789
Bla_216	Bla.blaFIM_1_JX570731_1937_2725_789
Bla_217	Bla.blaOXA_198_HQ634775_3013_3801_779
Bla_218	Bla.blaOXA_50_AM117128_1_789_789
Bla_219	Bla.PBP1a_JN645776_1_2160_2160
Bla_22	Bla.blaCFE_1_AB107899_1008_2153_1161
Bla_220	Bla.blaLCR_1_X56809_112_894_783	Bla.blaNPS_1_AY027589_46_828_783
Bla_221	Bla.bla2_NG_047224_101_874_774
Bla_222	Bla.blaOXA_372_KJ746496_1_774_774
Bla_223	Bla.blaOXA_61_AY587956_123_896_774
Bla_224	Bla.blaSFH_1_NZ_AUZV01000091_3453_4220_768
Bla_225	Bla.cepH_A3_AY112998_197_961_765	Bla.cphA4_AY227050_131_895_765	Bla.cphA5_AY227051_1_765_765	Bla.cphA6_AY227052_1_765_765	Bla.cphA7_AY227053_1_765_765	Bla.cphA8_AY261375_1_765_765	Bla.cphA_AY261378_1_765_765	Bla.imiH_AJ548797_924_1688_765	Bla.imiS_Y10415_126_893_768
Bla_226	Bla.blaOXA_85_AY227054_1_765_765
Bla_227	Bla.blaDIM_1_GU323019_1_756_756
Bla_228	Bla.blaGIM_1_JF414726_394_1146_753	Bla.blaGIM_2_KM659858_402_1154_753
Bla_229	Bla.CfiA1_AB087225_1_750_750	Bla.blaCCR_A_M63556_91_840_750	Bla.cfiA10_AB087227_1_750_750	Bla.cfiA13_FM200787_3_752_750	Bla.cfiA14_FM200789_162_911_750	Bla.cfiA4_AB087229_1_750_750	Bla.cfiA8_AB087233_1_750_750	Bla.cfiA9_AB087234_1_750_750
Bla_23	Bla.blaCMH_1_JQ673557_1_1146_1146
Bla_230	Bla.blaB_11_AY348326_1_750_750	Bla.blaB_14_JN635697_973_1719_747	Bla.blaB_1_AF189298_1_750_750	Bla.blaB_2_AF189300_1_750_750
Bla_231	Bla.blaB_12_EF595958_1_750_750	Bla.blaB_13_EF595959_1_750_750	Bla.blaB_3_AF162284_1_750_750
Bla_232	Bla.blaB_10_AY348325_1_747_747	Bla.blaB_5_AF189303_1_750_750	Bla.blaB_6_AF189302_1_747_747	Bla.blaB_7_AF189304_1_747_747	Bla.blaB_8_AF189305_1_747_747
Bla_233	Bla.blaSLB_1_AY590118_1_750_750
Bla_234	Bla.blaIMP_13_JN091097_261_1001_741	Bla.blaIMP_33_JN848782_1_741_741	Bla.blaIMP_37_JX131372_97_843_747
Bla_235	Bla.blaJOHN_1_AY02846_443_1189_747
Bla_236	Bla.blaTUS_1_AF441287_261_1007_747
Bla_237	Bla.blaIMP_10_AB074433_156_896_741
Bla_238	Bla.blaIMP_15_AY553333_114_854_741	Bla.blaIMP_19_AB201265_1_741_741	Bla.blaIMP_20_AB196988_1_741_741	Bla.blaIMP_24_EF192154_1_741_741	Bla.blaIMP_25_EU352796_1_738_738	Bla.blaIMP_28_HQ263342_1_741_741	Bla.blaIMP_29_HQ438058_1_741_741	Bla.blaIMP_2_AB182996_1_741_741	Bla.blaIMP_34_AB715422_1696_2436_741	Bla.blaIMP_39_D50438_1195_1935_741	Bla.blaIMP_3_AB010417_1_741_741	Bla.blaIMP_40_AB753457_1_741_741	Bla.blaIMP_42_AB753456_1_741_741	Bla.blaIMP_43_AB777500_2035_2775_741	Bla.blaIMP_4_AF244145_1_741_741	Bla.blaIMP_51_LC031883_5072_5812_741	Bla.blaIMP_52_LC055762_566_1306_741	Bla.blaIMP_5_AF290912_1_741_741	Bla.blaIMP_6_AB616660_1813_2553_741	Bla.blaIMP_7_AY625685_1_741_741	Bla.blaIMP_8_HQ651093_3019_3759_741	Bla.blaIMP_9_HM106459_3_740_738
Bla_239	Bla.blaIMP_11_AB074436_17_754_738	Bla.blaIMP_16_AJ584652_1044_1784_741	Bla.blaIMP_21_AB204557_1_738_738	Bla.blaIMP_22_FM876313_116_856_741	Bla.blaIMP_41_AB753458_1_738_738	Bla.blaIMP_44_AB777501_1399_2136_738
Bla_24	Bla.blaACT_9_HQ693810_1009_2151_1143
Bla_240	Bla.blaIMP_18_AB587676_1366_2106_741	Bla.blaIMP_1_HM036079_114_854_741	Bla.blaIMP_32_JQ002629_114_854_741	Bla.blaIMP_49_KP681694_1_741_741
Bla_241	Bla.blaIMP_27_JF894248_1_741_741
Bla_242	Bla.blaIMP_30_HQ875573_1_741_741
Bla_243	Bla.blaIMP_35_JF816544_1_741_741
Bla_244	Bla.blaMUS_1_AF441286_225_965_741
Bla_245	Bla.blaSIM_1_GQ288397_1_741_741
Bla_246	Bla.blaTMB_1_FR771847_16_753_738	Bla.blaTMB_2_AB758278_99_836_738
Bla_247	Bla.blaSFB_1_AY590119_1_735_735
Bla_248	Bla.blaIND_11_HM245379_57_788_732	Bla.blaIND_12_HM245380_28_759_732	Bla.blaIND_13_HM245381_57_788_732	Bla.blaIND_15_AB563173_33_764_732	Bla.blaIND_2_EF394439_1_732_732
Bla_249	Bla.blaCGB_1_EF672680_1_729_729
Bla_25	Bla.blaDHA_1_HM193083_987_2126_1140	Bla.blaDHA_2_AF259520_1513_2652_1140	Bla.blaDHA_3_AY494945_1310_2449_1140	Bla.blaDHA_5_JF273491_745_1885_1140	Bla.blaDHA_6_HQ322612_1_1140_1140	Bla.blaDHA_7_HQ456945_1_1140_1140	Bla.blaDHA_9_KJ207201_952_2091_1140	Bla.blaMOR_1_Y10283_546_1685_1140	Bla.blaMOR_2_AY235804_110_1249_1140
Bla_250	Bla.blaIND_4_AF219135_1_729_729
Bla_251	Bla.blaGRD23_1_NG_062239_1_726_726
Bla_252	Bla.blaKHM_1_AB364006_62_787_726
Bla_253	Bla.blaIND_10_GU206353_19_738_720	Bla.blaIND_8_GU186044_40_759_720
Bla_254	Bla.blaIND_14_HM367709_8_728_728	Bla.blaIND_3_AF219133_1_720_720
Bla_255	Bla.blaIND_1_EF394436_1_720_720	Bla.blaIND_7_AB529520_1_720_720
Bla_256	Bla.blaIND_5_AY504627_1_720_720
Bla_257	Bla.blaIND_6_AM087455_229_1011_720
Bla_258	Bla.blaIND_9_GU186045_35_754_720
Bla_259	Bla.blaPEDO_3_KP109679_2261_2974_714
Bla_26	Bla.blaSRT_1_AB008454_154_1290_1137	Bla.blaSST_1_AB008455_152_1288_1137
Bla_260	Bla.blaEBR_1_AF416700_57_764_708
Bla_261	Bla.Mbl_NC_010410_c1997136_1996441_696
Bla_262	Bla.blaB_4_NG_055992_101_730_630
Bla_263	Bla.blaI_NG_047499_101_481_381
Bla_264	Bla.MecI_NG_050586_101_475_375
Bla_265	Bla.mecI_NG_047956_101_472_372
Bla_266	Bla.AmpC1_Ecoli_FN649414_2765051_2766355_1302
Bla_267	Bla.mecA2_NG_047952_101_2107_2007	Bla.mecA_AB221124_91_2097_2007
Bla_268	Bla.BlaA2_NC_010410_2507740_2509014_1275
Bla_269	Bla.ampS_NC_014932_210005_211252_1248
Bla_27	Bla.AmpC2_Ecoli_CP002970_332756_333889_1134
Bla_270	Bla.mecA1_NG_047950_20_2017_1998
Bla_28	Bla.blaCMA_1_NG_062222_101_1228_1128	Bla.blaCMA_2_NG_062212_101_1228_1128	Bla.blaCSA_1_NG_062223_101_1228_1128	Bla.blaCSA_2_NG_062211_101_1228_1128
Bla_29	Bla.blaLRA_10_NG_055767_101_1228_1128
Bla_3	Bla.blaACC_1_AJ133121_650_1810_1161	Bla.blaACC_2_AF180952_1565_2737_1173	Bla.blaACC_4_EF504260_1995_3155_1161	Bla.blaACC_5_HE819401_1_1161_1161
Bla_30	Bla.car_1_NG_048712_101_1129_1029
Bla_31	Bla.BlaA1_NC_010410_1803480_1804499_1020
Bla_32	Bla.cfxA6_GQ342996_798_1793_966
Bla_33	Bla.blaLRA_5_NG_047485_101_1081_981
Bla_34	Bla.blaSGM_5_NG_049987_101_1081_981
Bla_35	Bla.blaSGM_6_NG_049988_101_1081_981	Bla.blaSGM_7_NG_050614_101_1081_981
Bla_36	Bla.cphA1_NC_000918_1269541_1270521_981
Bla_37	Bla.blaDES_1_AF426161_119_1093_925
Bla_38	Bla.blaSGM_1_NG_049983_101_1066_966
Bla_39	Bla.cfxA2_AF504910_1_966_966	Bla.cfxA4_AY769933_1_966_966	Bla.cfxA5_AY769934_28_993_966	Bla.cfxA_U38243_150_1115_966
Bla_4	Bla.blaLHK_1_NG_056482_1_1167_1167	Bla.blaLHK_2_NG_056483_1_1170_1170	Bla.blaLHK_3_NG_056484_1_1173_1173	Bla.blaLHK_4_NG_056485_1_1173_1173	Bla.blaLHK_5_NG_056486_1_1173_1173	Bla.blaLHK_6_NG_056487_1_1173_1173	Bla.blaLHK_7_NG_056488_1..1173_1173
Bla_40	Bla.Zn_dependent_hydrolase_NC_010410_882015_882977_963
Bla_41	Bla.blaALG6_1_NG_062236_1_957_957
Bla_42	Bla.blaEAM_1_NG_062208_1_957_957
Bla_43	Bla.blaTHIN_B_AJ250876_37_987_951
Bla_44	Bla.bla2a_M28303_243_1187_945
Bla_45	Bla.blaBRO_1_Z54180_84_1028_945	Bla.blaBRO_2_Z54181_63_1007_945
Bla_46	Bla.blaBKC_1_KP689347_8603_9544_942
Bla_47	Bla.blaELM_1_NG_062206_1_942_942
Bla_48	Bla.blaSGM_2_NG_049984_101_1036_936	Bla.blaSGM_3_NG_052647_101_1030_930
Bla_49	Bla.Penicillin_Binding_Protein_Ecoli_CP002291_664439_666340_1902
Bla_5	Bla.blaOCH_2_AJ295340_1_1173_1173	Bla.blaOCH_3_AJ295341_1_1173_1173	Bla.blaOCH_4_AJ295342_1_1173_1173	Bla.blaOCH_5_AJ295343_1_1173_1173	Bla.blaOCH_6_AJ295344_1_1173_1173	Bla.blaOCH_7_AJ295345_1_1173_1173	Bla.blaOCH_8_DQ489307_1071_2243_1173
Bla_50	Bla.blaAST_1_AF279904_160_1092_933
Bla_51	Bla.BLA_1_AY453161_501_1430_930
Bla_52	Bla.blaPME_1_HQ541434_3071_4000_930
Bla_53	Bla.blaSFC_1_AY354402_82_1011_930
Bla_54	Bla.blaSGM_4_NG_049986_101_1030_930
Bla_55	Bla.blaCBP_1_NG_048756_1_927_927
Bla_56	Bla.blaPER_1_EF535600_1_927_927	Bla.blaPER_3_AY740681_7103_8029_927	Bla.blaPER_4_EU748544_1_927_927	Bla.blaPER_7_JQ639792_6580_7506_927	Bla.blaPER_8_AB985401_5557_6483_927
Bla_57	Bla.blaPER_2_X93314_278_1204_927
Bla_58	Bla.blaPER_6_HM453327_787_1713_927
Bla_59	Bla.blaLRA_13_NG_047216_101_1930_1830
Bla_6	Bla.ampH_CP003785_4208384_4209544_1161
Bla_60	Bla.blaBCL_1_EF540343_3313_4236_924
Bla_61	Bla.cphA2_NC_000918_673738_674661_924
Bla_62	Bla.blaEVM_1_NG_062205_1_918_918
Bla_63	Bla.blaLRA_8_NG_047521_101_1018_918
Bla_64	Bla.blaR1_NG_047540_1_1782_1782
Bla_65	Bla.blaROB_1_AF022114_303_1220_918
Bla_66	Bla.CARB_11_AY008290_1_867_867	Bla.CARB_1_D86225_232_1098_867	Bla.CARB_2_HQ157204_747_1613_867	Bla.CARB_3_S46063_122_1036_915	Bla.CARB_6_AF030945_96_962_867	Bla.CARB_8_NG_035647_3623_4489_867	Bla.blaPSE_4_AF313471_1422_2288_867
Bla_67	Bla._AB916359_794_1708_915
Bla_68	Bla.blaAER_1_U14748_325_1239_915
Bla_69	Bla.blaL2_NG_047518_101_1015_915
Bla_7	Bla.blaLRA_18_NG_055765_101_1261_1161
Bla_70	Bla.blaLMB_1_KU646836_1_915_915
Bla_71	Bla.blaAIM_1_AM998375_1173_2084_912
Bla_72	Bla.blaCRD3_1_NG_062235_1_912_912
Bla_73	Bla.blaECM_1_NG_062207_19_930_912
Bla_74	Bla.blaLUS_1_NG_055472_101_1012_912
Bla_75	Bla.blaR1_Bacilli_NG_047539_1_1758_1758
Bla_76	Bla.blaDHT2_1_NG_062233_1_909_909
Bla_77	Bla.blaEFM_1_NG_062204_1_909_909
Bla_78	Bla.blaLRA_2_NG_047519_101_1009_909
Bla_79	Bla.blaLRA_3_NG_047520_101_1009_909
Bla_8	Bla.ampH_Ecoli_AP012030_395554_396711_1158
Bla_80	Bla.blaLRA_7_NG_055766_101_1009_909
Bla_81	Bla.blaLRA_9_NG_047522_101_1006_906
Bla_82	Bla.penA_AB511945_1298_3049_1762
Bla_83	Bla.blaTLA_1_GU441460_3220_4125_906
Bla_84	Bla.blaCKO_1_AF477396_1_903_903	Bla.blaMAL_1_AJ277209_12_914_903
Bla_85	Bla.blaLRA_19_NG_047525_101_1003_903
Bla_86	Bla.cepA_29_U05884_556_1458_903	Bla.cepA_44_U05885_556_1458_903	Bla.cepA_49_U05886_404_1306_903	Bla.cepA_FR688019_1_903_903
Bla_87	Bla.VEB_14_NG_050322_1_897_897	Bla.VEB_15_NG_050323_1_900_900	Bla.blaVEB_11_KP681692_1_900_900	Bla.blaVEB_12_KP681693_1_900_900	Bla.blaVEB_1_DQ393569_1955_2854_900	Bla.blaVEB_1a_AF324833_1_900_900	Bla.blaVEB_1b_AF324834_1_900_900	Bla.blaVEB_2_AY027870_47_946_900	Bla.blaVEB_3_AY536519_38_937_900	Bla.blaVEB_4_EF136375_1_900_900	Bla.blaVEB_5_EF420108_38_937_900	Bla.blaVEB_6_EU259884_6412_7311_900	Bla.blaVEB_7_FJ825622_1_900_900	Bla.blaVEB_8_JX679208_1_900_900
Bla_88	Bla.blaSHV_100_AM922306_1_900_900	Bla.blaSHV_106_AM941847_1_861_861	Bla.blaSHV_107_AM941848_1_861_861	Bla.blaSHV_110_HQ877614_1_861_861	Bla.blaSHV_11_HM751098_1_861_861	Bla.blaSHV_137_HQ661363_72_932_861	Bla.blaSHV_156_JX121123_1_861_861	Bla.blaSHV_16_AF072684_118_993_876	Bla.blaSHV_173_KF513178_1_861_861	Bla.blaSHV_182_KP050489_1_861_861	Bla.blaSHV_183_HG934764_1_864_864	Bla.blaSHV_187_LN515533_1_867_867	Bla.blaSHV_188_LN515534_1_873_873	Bla.blaSHV_191_KP868754_1_861_861	Bla.blaSHV_27_FJ685656_1_861_861	Bla.blaSHV_28_EU441172_57_917_861	Bla.blaSHV_32_AY037778_92_952_861	Bla.blaSHV_43_AY065991_7_867_861	Bla.blaSHV_51_AY289548_1_861_861	Bla.blaSHV_67_DQ174307_5_865_861	Bla.blaSHV_71_AM176546_1_861_861	Bla.blaSHV_74_AM176549_31_891_861	Bla.blaSHV_75_AM176550_31_891_861	Bla.blaSHV_77_AM176552_31_891_861	Bla.blaSHV_81_AM176556_26_886_861	Bla.blaSHV_93_EF373969_1_861_861	Bla.blaSHV_99_AM922305_1_861_861
Bla_89	Bla.CARB_10_EU850412_2270_3166_897	Bla.CARB_49_NG_051466_1_897_897	Bla.CARB_5_AF135373_12_908_897	Bla.CARB_8_OU_AY178993_575_1471_897	Bla.blaCARB_14_NG_048717_101_997_887	Bla.blaCARB_16_NG_048718_101_997_887
Bla_9	Bla.blaADC_15_NG_048639_1_1152_1152	Bla.blaADC_18_NG_048642_1_1152_1152	Bla.blaADC_23_NG_048648_1_1152_1152
Bla_90	Bla.blaSPR_1_NG_052102_101_997_887
Bla_91	Bla.hugA_AF324468_221_2117_897
Bla_92	Bla.blaFAR_1_AF024601_303_1196_894
Bla_93	Bla.blaLUT_1_AY695112_1_891_891
Bla_94	Bla.cblA_NG_047624_101_991_891
Bla_95	Bla.blaALG11_1_NG_062237_1_888_888
Bla_96	Bla.blaCME_1_AJ006275_72_959_888
Bla_97	Bla.blaFONA_1_AJ251239_1054_1941_888	Bla.blaFONA_2_AJ251240_1054_1941_888	Bla.blaFONA_3_AJ251241_1054_1941_888	Bla.blaFONA_4_AJ251242_1054_1941_888	Bla.blaFONA_5_AJ251243_1054_1941_888	Bla.blaFONA_6_AJ251244_1054_1941_888
Bla_98	Bla.blaLRA_1_NG_047484_101_988_888
Bla_99	Bla.blaL_1_AJ272109_1_888_888
Col	Col.mcr_8.1_NG_061399_101_1798_1698	Col.mcr_8.2_NG_061627_101_1798_1698
Col_1	Col.mcr_5.1_MG241339_1_1644_1644	Col.mcr_5.2_MG384740_1_1641_1641	Col.mcr_5.3_NG_061405_1_1644_1644
Col_2	Col.mcr_1.10_NG_055583_1_1626_1626	Col.mcr_1.11_KY853650_51584_53212_1629	Col.mcr_1.12_LC337668_1_1626_1626	Col.mcr_1.13_MG384739_1_1626_1626	Col.mcr_1.14_NG_057460_101_1726_1626	Col.mcr_1.15_NG_061610_101_1723_1623	Col.mcr_1.16_NG_064787_1_1626_1626	Col.mcr_1.17_NG_064788_1_1626_1626	Col.mcr_1.18_NG_064789_101_1726_1626	Col.mcr_1.1_KP347127_22413_24038_1626	Col.mcr_1.2_KX236309_3137_4762_1626	Col.mcr_1.3_KU934208_18648_20273_1626	Col.mcr_1.4_KY041856_1_1626_1626	Col.mcr_1.5_KY283125_1_1626_1626	Col.mcr_1.6_KY352406_4093_5718_1626	Col.mcr_1.7_KY829117_12188_13813_1626	Col.mcr_1.8_KY683842_1_1626_1626	Col.mcr_1.9_KY964067_27184_28809_1626
Col_3	Col.mcr_3.10_MG214533_76_1701_1626	Col.mcr_3.11_MG489958_1_1626_1626	Col.mcr_3.12_MG564491_1_1626_1626	Col.mcr_3.13_NG_060514_1_1623_1623	Col.mcr_3.14_NG_060515_1_1623_1623	Col.mcr_3.15_NG_060516_1_1623_1623	Col.mcr_3.16_NG_060517_1_1623_1623	Col.mcr_3.18_NG_060519_1_1623_1623	Col.mcr_3.1_KY924928_161134_162759_1626	Col.mcr_3.20_NG_055493_101_1726_1626	Col.mcr_3.21_NG_060582_101_1726_1626	Col.mcr_3.22_NG_060581_101_1726_1626	Col.mcr_3.23_NG_060583_101_1726_1626	Col.mcr_3.24_NG_060580_101_1726_1626	Col.mcr_3.25_NG_060585_101_1723_1623	Col.mcr_3.27_NG_064790_1_1623_1623	Col.mcr_3.29_NG_064791_1_1626_1626	Col.mcr_3.2_NG_055523_101_1726_1626	Col.mcr_3.3_NG_055783_101_1723_1623	Col.mcr_3.4_NG_055492_101_1726_1626	Col.mcr_3.5_MF463699_1_1626_1626	Col.mcr_3.6_MF598076_1_1623_1623	Col.mcr_3.7_MF598077_94_1719_1626	Col.mcr_3.8_MF598079_1_1623_1623	Col.mcr_3.9_MF598080_1_1626_1626
Col_4	Col.mcr_4.1_MF543359_5808_7433_1626	Col.mcr_4.2_MG459157_1_1626_1626	Col.mcr_4.3_NG_057461_1_1626_1626	Col.mcr_4.4_MG822665_1_1626_1626	Col.mcr_4.5_MG822664_1_1626_1626	Col.mcr_4.6_NG_061608_1_1626_1626
Col_5	Col.mcr_3.17_NG_060518_1_1623_1623
Col_6	Col.mcr_7.1_MG267386_23610_25229_1620
Col_7	Col.mcr_9.1_NG_064792_1_1620_1620
Col_8	Col.mcr_2.1_LT598652_26779_28395_2712	Col.mcr_2.2_MG545606_1_1617_1617
Col_9	Col.mcr_6.1_MF176240_1_1617_1617
Fcd	Fcd.fusH_NG_047906_101_1630_1530
Fcd_1	Fcd.fusF_NG_047903_101_745_645
Fcd_2	Fcd.far1_NC_005127_19072_19713_642	Fcd.fusB_NG_047902_101_742_642
Fcd_3	Fcd.fusD_NG_050585_101_742_642
Fcd_4	Fcd.fusC_AB930126_21931_22569_639
Fcyn	Fcyn.FomB_AB016934_7389_8381_993
Fcyn_1	Fcyn.FomA_NG_047879_101_901_801
Fcyn_10	Fcyn.FosB_AHLO01000073_63139_63558_420
Fcyn_11	Fcyn.FosD_AB304512_17043_17462_420
Fcyn_12	Fcyn.FosA3_AB522970_1143_1559_417	Fcyn.FosA4_AB908992_1_417_417
Fcyn_13	Fcyn.FosX_CC_CP014206_371999_372415_417
Fcyn_14	Fcyn.fosBx1_NG_050591_101_517_417
Fcyn_15	Fcyn.fosI_NG_047897_101_505_405
Fcyn_16	Fcyn.fosH_NG_047896_101_502_402
Fcyn_17	Fcyn.FosC2_AB522969_1_399_399
Fcyn_18	Fcyn.FosK_AB917040_737_1135_399
Fcyn_19	Fcyn.fosF_NG_047894_101_499_399
Fcyn_2	Fcyn.FomC_AB016934_10868_11656_789
Fcyn_20	Fcyn.fosG_NG_047895_101_499_399
Fcyn_21	Fcyn.fosE_NG_051850_101_457_357
Fcyn_3	Fcyn.FosC_Z33413_387_935_549
Fcyn_4	Fcyn.FosX_AP010904_1708924_1709388_464
Fcyn_5	Fcyn.FosA2_EU487198_217_642_426	Fcyn.FosA_MG028671_1_426_426
Fcyn_6	Fcyn.FosA7_LAPJ01000014_36823_37245_423
Fcyn_7	Fcyn.FosA5_KP143090_1200_1619_420	Fcyn.FosA6_KU254579_59422_59841_420
Fcyn_8	Fcyn.FosB1_AP006717.1_122_541_420	Fcyn.FosB3_HQ219726_386_805_420	Fcyn.FosB4_KR870311_99_518_420	Fcyn.FosB5_KT032253_2340_2759_420	Fcyn.FosB6_KR870314_1_420_420
Fcyn_9	Fcyn.FosB2_NC_012581.1_459871_460290_420
Flq	Flq.OqxBgb_EU370913_47851_51003_3153
Flq_1	Flq.OqxA_EU370913_46652_47827_1176
Flq_10	Flq.qnrVC1_JX861889_3123_3779_657	Flq.qnrVC6_KC202804_3875_4531_657
Flq_11	Flq.qnrVC4_JX173954_1366_2022_657	Flq.qnrVC5_NC_021292_1176_1832_657	Flq.qnrVC7_KM555152_1_657_657
Flq_12	Flq.qnr_AS_FM178379_1699484_1700140_657
Flq_13	Flq.qnrB12_AM774474_2435_3079_645	Flq.qnrB22_FJ981621_37_681_645	Flq.qnrB34_JN173056_36_683_648	Flq.qnrB37_JN173059_36_680_645	Flq.qnrB4_DQ303921_4_648_645	Flq.qnrB9_EF653270_1_648_648
Flq_14	Flq.qnrB21_FJ611948_1_645_645	Flq.qnrB25_HQ172108_1_645_645	Flq.qnrB27_HM439641_1_645_645	Flq.qnrB28_HM439643_1_645_645	Flq.qnrB33_JN173055_36_680_645	Flq.qnrB35_JN173057_2307_2951_645	Flq.qnrB38_JN173060_2307_2951_645	Flq.qnrB8_EU043312_1_645_645
Flq_15	Flq.qnrD_FJ228229_554_1198_645
Flq_16	Flq.crpP_NG_062203_101_298_198
Flq_2	Flq.norA_D90119_478_1644_1167
Flq_3	Flq.qnrB10_DQ631414_1_681_681	Flq.qnrB13_EU273756_1_681_681	Flq.qnrB14_EU273757_1_681_681	Flq.qnrB15_EU302865_1_681_681	Flq.qnrB17_AM919398_1_681_681	Flq.qnrB18_AM919399_1_681_681	Flq.qnrB19_EU432277_1_645_645	Flq.qnrB1_DQ351241_1_681_681	Flq.qnrB20_AB379831_1_681_681	Flq.qnrB23_FJ981622_1_681_681	Flq.qnrB24_HM192542_1_681_681	Flq.qnrB26_HQ386846_1_681_681	Flq.qnrB29_HM439649_1_681_681	Flq.qnrB30_HM439650_1_681_681	Flq.qnrB32_JN173054_1_681_681	Flq.qnrB36_JN173058_37_681_645	Flq.qnrB3_DQ303920_1_681_681	Flq.qnrB42_JN680743_1_645_645	Flq.qnrB48_JQ762640_37_681_645	Flq.qnrB49_JQ582718_1_681_681	Flq.qnrB5_DQ303919_1_681_681	Flq.qnrB6_EF520349_1_681_681	Flq.qnrB72_KC741443_1_645_645	Flq.qnrB7_EU043311_1_645_645
Flq_4	Flq.qnrB2_DQ351242_1_645_645	Flq.qnrB31_HQ418999_1_681_681	Flq.qnrB53_HQ704413_1_681_681
Flq_5	Flq.qepA2_EU847537_1672_3107_1536	Flq.qepA_AB263754_7052_8587_1536
Flq_6	Flq.qnrC_EU917444_1717_2382_666
Flq_7	Flq.qnrA3_DQ058661_1_657_657	Flq.qnrA4_DQ058662_1_657_657	Flq.qnrA5_DQ058663_1_657_657	Flq.qnrA6_DQ151889_1_657_657	Flq.qnrA7_GQ463707_1_657_657	Flq.qnr_A1_AY070235_303_959_657	Flq.qnr_A2_AY675584_1_657_657
Flq_8	Flq.qnrS2_DQ485530_1_657_657
Flq_9	Flq.qnrS_FJ418153_1_657_657	Flq.qnr_S1_AB187515_9737_10393_657	Flq.qnr_S5_HQ631377_1_657_657
Gly	Gly.vanS_A_M97297_4649_5803_1155	Gly.vanS_Pt2_DQ018710_3721_4881_1161	Gly.vanS_Pt_AY926880_1391_2551_1461
Gly_1	Gly.vanS_D_AB242319_689_1834_1146
Gly_10	Gly.vanE_FJ872411_39736_40794_1059
Gly_11	Gly.vanSc3_AY033764_4604_5662_1059
Gly_12	Gly.vanH_DQ246438_124_1179_1056
Gly_13	Gly.vanC2_3_EU151755_29_1081_1083	Gly.vanC2_L29638_33_1085_1053	Gly.vanC3_AY033764_26_1078_1053	Gly.vanC4_EU151752_29_1081_1053
Gly_14	Gly.vanL_EU250284_955_2004_1050
Gly_15	Gly.vanA_Ao2_HQ679900_1034_2080_1047
Gly_16	Gly.vanH_Ao1_AF060799_534_1580_1047	Gly.vanH_Ao2_HQ679900_1_1032_1032
Gly_17	Gly.vanAE_Pp_AF155139_5940_6971_1032
Gly_18	Gly.vanA_A_M97297_6979_8010_1032	Gly.vanHA_Bc_Y15704_23_1054_1032
Gly_19	Gly.vanA_D_AY082011_5901_6932_1032
Gly_2	Gly.vanS_M_FJ349556_1673_2785_1113
Gly_20	Gly.vanA_M_FJ349556_4857_5888_1032
Gly_21	Gly.vanC1_EU151769_31_1062_1032	Gly.vanC_AF162694_1411_2442_1032
Gly_22	Gly.vanA_B_AF192329_28835_29863_1029	Gly.vanB_AY655710_1_1029_1029	Gly.vanB_AY655711_1_1029_1029
Gly_23	Gly.vanTm_L_EU250284_2575_3564_990
Gly_24	Gly.vanH_M_FJ349556_3884_4864_981
Gly_25	Gly.vanH_B_AF192329_27871_28842_972
Gly_26	Gly.vanH_D_AY082011_4937_5908_972
Gly_27	Gly.vanH_A_FJ866609_3762_4730_969	Gly.vanH_Pt2_AY926880_2771_3739_969	Gly.vanH_Pt_DQ018710_5109_6077_969
Gly_28	Gly.vanH_E_AF155139_4979_5947_969
Gly_29	Gly.vanY_A_M97297_9052_9963_912
Gly_3	Gly.VanS_Re_NG_051735_101_1201_1101
Gly_30	Gly.vanY_Pt2_DQ018711_6234_7133_900	Gly.vanY_Pt_AY926880.2__5831_6721_891
Gly_31	Gly.vanYF_Pp_AF155139_3397_4278_872
Gly_32	Gly.vanW_B_AY655721_3069_3896_828
Gly_33	Gly.vanZ_Pa_DQ018711_2047_2862_816
Gly_34	Gly.vanY_B_AY655721_2245_3051_807
Gly_35	Gly.vanY_M_FJ349556_3057_3758_702
Gly_36	Gly.vanR_D_AB242319_1_699_699
Gly_37	Gly.vanR_M_FJ349556_982_1680_699
Gly_38	Gly.vanR_A_M97297_3976_4671_696	Gly.vanR_Pt_DQ018711_1_696_696
Gly_39	Gly.vanR_C_AF162694_5193_5888_696
Gly_4	Gly.vanTr_L_EU250284_3558_4658_1101
Gly_40	Gly.vanR_F_AF155139_1512_2207_696
Gly_41	Gly.vanR_L_EU250284_4731_5426_696
Gly_42	Gly.vanRc3_AY033764_3846_4541_696	Gly.vanRc4_EU151753_3848_4543_696
Gly_43	Gly.vanXE_Pp_AF155139_6977_7648_672
Gly_44	Gly.vanR_B_AY655721_69_728_660
Gly_45	Gly.vanTc3_AY033764_1644_3746_2103	Gly.vanTc4_EU151753_1647_3749_2103
Gly_46	Gly.vanZF_Pp_AF155139_4339_4959_621
Gly_47	Gly.vanX_Ac1_DQ246438_2221_2835_615
Gly_48	Gly.vanX_A_M97297_8016_8624_609	Gly.vanX_Pt2_AY926880_4769_5377_609	Gly.vanX_Pt_DQ018710_7107_7715_609
Gly_49	Gly.vanX_Ao1_AF060799_2604_3212_609	Gly.vanX_Ao2_HQ679900_2070_2678_609
Gly_5	Gly.vanS_F_AF155139_2200_3297_1098
Gly_50	Gly.vanX_B_AY655721_5891_6499_609
Gly_51	Gly.vanX_D_AB242319_5046_5654_609
Gly_52	Gly.vanX_M_FJ349556_5894_6502_609
Gly_53	Gly.vanX_Sc_AL939117_55404_56012_609
Gly_54	Gly.VanY_Ng_NG_048515_101_691_591
Gly_55	Gly.vanXY_L_EU250284_1997_2578_582
Gly_56	Gly.vanXYc2_3_EU151760_1078_1650_573	Gly.vanXYc3_AY033764_1075_1647_573	Gly.vanXYc4_EU151753_1078_1650_573
Gly_57	Gly.vanX_Yc_DQ022190_1233_1805_573
Gly_58	Gly.vanT_AF162694_3008_5104_2097	Gly.vanTc_DQ022190_1802_3898_2097
Gly_59	Gly.vanZ_A_M97297_10116_10601_486
Gly_6	Gly.vanS_L_EU250284_5416_6510_1095
Gly_60	Gly.vanZ_Pa_DQ018711_7169_7648_480
Gly_61	Gly.vanA_G_AY271782_157_606_450
Gly_62	Gly.VanU_NG_048466_101_328_228
Gly_7	Gly.vanS_C_DQ022190_4672_5757_1086
Gly_8	Gly.vanY_D_AB242319_1958_3025_1068
Gly_9	Gly.vanSc4_EU151753_4599_5663_1065
MLS	MLS.myrA_NG_048010_101_988_888
MLS_1	MLS.TlrC_NC_016113_803268_384890_1623
MLS_2	MLS.lin_NG_050599_101_1672_1572
MLS_3	MLS.oleI_NG_048022_1_1275_1275
MLS_4	MLS.oleD_NG_048021_11248_1248
MLS_Lmr_B	MLS_Lmr_B._NG_047912101_1540_1440
MLS_Mef_En2	MLS_Mef_En2._NG_047980_101_1306_1206
MLS_car_A	MLS_car_A._M80346_411_2066_1656
MLS_cfr_A	MLS_cfr_A._AM408573_10028_11077_1050
MLS_cfr_B	MLS_cfr_B._KR610408_4995_6044_1050
MLS_emt_A	MLS_emt_A._NG_055266_101_1126_1026
MLS_ere_A-	MLS_ere_A._AY183453_2730_3950_1221	MLS_ere_A2._KJ668707_2797_4023_1227
MLS_ere_B	MLS_ere_B._X03988_383_1642_1260
MLS_ere_D	MLS_ere_D._NG_047771_101_1327_1227
MLS_erm_-	MLS_erm_CX._AF024666_2208_2969_762	MLS_erm_X._M36726_296_1150_855
MLS_erm_30	MLS_erm_30._AF079138_1283_2293_1011
MLS_erm_31	MLS_erm_31._AF079138_154_1122_969
MLS_erm_32	MLS_erm_32._AJ009971_1790_2632_843
MLS_erm_33	MLS_erm_33._AJ313523_163_894_732
MLS_erm_34	MLS_erm_34._AY234334_355_1200_846
MLS_erm_35	MLS_erm_35._AF319779_33_833_801
MLS_erm_36	MLS_erm_36._AF462611_186_1031_846
MLS_erm_37	MLS_erm_37._NG_047780_101_640_540
MLS_erm_38	MLS_erm_38._AY154657_63_1223_1161
MLS_erm_39	MLS_erm_39._AY487229_2153_2893_741
MLS_erm_40	MLS_erm_40._AY570506_2035_2790_756
MLS_erm_41	MLS_erm_41._EU590124_258_779_522
MLS_erm_42	MLS_erm_42._FR734406_1_906_906
MLS_erm_43	MLS_erm_43._NG_047786_101_832_732
MLS_erm_44	MLS_erm_44._NG_047787_101_832_732
MLS_erm_45	MLS_erm_45._NG_047788_101_838_738
MLS_erm_46	MLS_erm_46._NG_054941_1_813_813
MLS_erm_47	MLS_erm_47._NG_054944_101_841_741
MLS_erm_48	MLS_erm_48._NG_054962_101_832_732
MLS_erm_A	MLS_erm_A._X03216_4551_5282_732
MLS_erm_B	MLS_erm_B._M11180_714_1451_738
MLS_erm_C	MLS_erm_C._M19652_988_1722_735
MLS_erm_D	MLS_erm_D._M29832_430_1293_864
MLS_erm_E	MLS_erm_E._M11200_284_1396_1146
MLS_erm_F	MLS_erm_F._M14730_241_1041_801
MLS_erm_G	MLS_erm_G._M15332_672_1406_735
MLS_erm_H	MLS_erm_H._M16503_244_1143_900
MLS_erm_K	MLS_erm_K._NG_047831_101_955_855
MLS_erm_N	MLS_erm_N._X97721_160_1035_876
MLS_erm_O	MLS_erm_O._M74717_40_822_783
MLS_erm_Q	MLS_erm_Q._L22689_262_1035_774
MLS_erm_R	MLS_erm_R._M11276_333_1355_1023
MLS_erm_S	MLS_erm_S._M19269_460_1419_960
MLS_erm_T	MLS_erm_T._M64090_168_902_735
MLS_erm_V	MLS_erm_V._U59450_397_1176_780
MLS_erm_W	MLS_erm_W._D14532_1039_1974_936
MLS_erm_Y	MLS_erm_Y._AB014481_556_1290_735
MLS_erm_Z	MLS_erm_Z._AM709783_2817_3665_849
MLS_l-	MLS_lin_B._AJ238249_127_930_804	MLS_lnu__B._KC688833_1_804_804
MLS_lin_A	MLS_lin_A._M14039_413_898_486
MLS_lmr_A	MLS_lmr_A._X59926_318_1763_1446
MLS_lmr_B	MLS_lmr_B._X62867_361_1197_837	MLS_lmr_B._X79146_27840_28679_840
MLS_lnu_C	MLS_lnu_C._AY928180_1150_1644_495
MLS_lnu_D	MLS_lnu_D._EF452177_19_513_495
MLS_lnu_F	MLS_lnu_F._EU118119_1030_1851_822
MLS_lsa_A	MLS_lsa_A._AY225127_41_1537_1497
MLS_lsa_B	MLS_lsa_B._AJ579365_4150_5628_1479
MLS_lsa_C	MLS_lsa_C._HM990671_5193_6671_1479
MLS_mef_A	MLS_mef_A._U70055_314_1531_1218
MLS_mef_B	MLS_mef_B._FJ196385_11084_12313_1230
MLS_mef_C	MLS_mef_C._NG_047979_101_1324_1224
MLS_mph_A	MLS_mph_A._DQ445270_1626_2531_1230
MLS_mph_B	MLS_mph_B._D85892_1159_2067_909
MLS_mph_C	MLS_mph_C._AF167161_5665_6564_900
MLS_mph_D	MLS_mph_D._NC_017312_2291580_2292413_834
MLS_mph_E	MLS_mph_E._JF769133_8777_9661_885
MLS_mph_F	MLS_mph_F._NG_047997_101_1000_900
MLS_mph_G	MLS_mph_G._NG_047998_101_985_885
MLS_msr_A	MLS_msr_A._AY591760_274_1740_1467
MLS_msr_C	MLS_msr_C._AY004350_496_1974_1479
MLS_msr_D	MLS_msr_D._AF274302_2462_3925_1464
MLS_msr_E	MLS_msr_E._JF769133_7246_8721_1476
MLS_ole_B	MLS_ole_B._L36601_1421_3130_1710
MLS_ole_C	MLS_ole_C._L06249_1528_2505_978
MLS_sal_A	MLS_sal_A._NG_048067_1_1626_1626
MLS_srm_B	MLS_srm_B._X63451_558_2210_1653
MLS_tlr_C	MLS_tlr_C._M57437_277_1923_1647
MLS_vat_A	MLS_vat_A._L07778_258_917_660
MLS_vat_B	MLS_vat_B._U19459_67_705_639
MLS_vat_C	MLS_vat_C._AF015628_1307_1945_639
MLS_vat_D	MLS_vat_D._L12033_162_791_630
MLS_vat_E	MLS_vat_E._AF139725_63_707_645
MLS_vat_F	MLS_vat_F._AF170730_70_735_666
MLS_vga_A	MLS_vga_A._LC_DQ823382_1_1569_1569	MLS_vga_A._M90056_909_2477_1569
MLS_vga_B	MLS_vga_B._U82085_629_2287_1659
MLS_vga_D	MLS_vga_D._GQ205627_1394_2971_1578
MLS_vga_E	MLS_vga_E._FR772051_8741_10315_1575
MLS_vgb_A	MLS_vgb_A._AF117258_2869_3768_900
MLS_vgb_B	MLS_vgb_B._AF015628_399_1286_888
Mca	Mca.mupB_NG_048009_91_3192_3102
Ntmdz	Ntmdz.nimA_Nitroimidazole_Gene_NG_048011_101_631_531
Ntmdz_1	Ntmdz.nimI_Nitroimidazole_Gene_NG_048016_101_619_519
Ntmdz_2	Ntmdz.nimE_Nitroimidazole_Gene_NG_048015_101_613_513
Ntmdz_3	Ntmdz.nimj_Nitroimidazole_Gene_KJ816753.1_19295_19792_498
Ntmdz_4	Ntmdz.NimB_Nitroimidazole_Gene_X71443_794_1288_495
Ntmdz_5	Ntmdz.nimD_Nitroimidazole_Gene_NG_048014_101_595_495
Ntmdz_6	Ntmdz.nimC_Nitroimidazole_Gene_NG_048013_101_592_492
Oxzln	Oxzln.OptrA_10_KT601170_57297_59264_1968	Oxzln.OptrA_11_KX620934_1_1968_1968	Oxzln.OptrA_12_KX620936_1_1968_1968	Oxzln.OptrA_13_MF805731_13693_15660_1968	Oxzln.OptrA_14_MH225415_3764_5731_1968	Oxzln.OptrA_15_MH225420_3764_5731_1968	Oxzln.OptrA_17_MF443373_11095_13062_1968	Oxzln.OptrA_18_CP030125_1242577_1244544_1968	Oxzln.OptrA_2_KX620938_1_1968_1968	Oxzln.OptrA_3_KT862780_7916_9883_1968	Oxzln.OptrA_4_KX620940_1_1968_1968	Oxzln.OptrA_5_MH225424_3764_5731_1968	Oxzln.OptrA_6_KY056650_9092_11059_1968	Oxzln.OptrA_7_MF443388_7831_9798_1968	Oxzln.OptrA_8_KU354267_3790_5757_1968	Oxzln.OptrA_9_KT892063_105_2072_1968	Oxzln.OptrA_KP399637_31477_33444_1968
Oxzln_1	Oxzln.poxtA_MF095097_1856_3484_1629
Phe	Phe.floR_AKLJ01000508_383_1597_1215
Phe_1	Phe.bcr1_NG_055652_101_1309_1209
Phe_10	Phe.catA1_V00622_244_903_660
Phe_11	Phe.catB_M93113_145_804_630
Phe_12	Phe.catQ_M55620_459_1118_660
Phe_13	Phe.catV_KY753886_1_660_660
Phe_14	Phe.catA4_NG_047569_101_754_654
Phe_15	Phe.catU_NG_055655_1_654_654
Phe_16	Phe.catA14_NG_047573_101_751_651
Phe_17	Phe.catA9_K01998_288_938_651
Phe_18	Phe.catA7_M64281_208_855_648	Phe.cat_pC221_X02529_2267_2914_648
Phe_19	Phe.catA8_NC_009751_21916_22563_648	Phe.cat_pC223_AY355285_1000_1647_648
Phe_2	Phe.dha1_BA000018_2517801_2518988_1188
Phe_20	Phe.catA2_X53796_187_903_648
Phe_21	Phe.catA3_X07848_272_913_642
Phe_22	Phe.catB7_AF036933_177_815_639
Phe_23	Phe.catD_X15100_91_729_639	Phe.catP_U15027_2953_3576_624
Phe_24	Phe.catB10_AJ878850_1197_1829_633
Phe_25	Phe.catB11_NG_050948_101_733_633
Phe_26	Phe.catB2_AF047479_5957_6589_633
Phe_27	Phe.catB3_AJ009818_883_1515_633	Phe.catB4_EU935739_59054_59602_549
Phe_28	Phe.catB8_AF227506_253_885_633
Phe_29	Phe.catB_variant1_CP036328_71370_72002_633
Phe_3	Phe.cmlR_NG_047659_101_1279_1179
Phe_30	Phe.catB1_M58472_148_777_630
Phe_31	Phe.catB5_AAWG01000020_33604_34233_630	Phe.catB9_AF462019_27_656_630
Phe_32	Phe.catA13_NG_047588_101_724_624
Phe_33	Phe.catB6_AJ223604_3727_4341_615
Phe_34	Phe.cpt_strepv_U09991_1412_1948_537
Phe_35	Phe.cpt_NG_051909_101_631_531
Phe_36	Phe.fexA_JQ041372_14024_15451_1428
Phe_37	Phe.cmlV_U09991_28_1338_1311
Phe_38	Phe.cmlB1_NG_036292_776_2041_1266
Phe_39	Phe.cmlA10_NG_047649_1_1260_1260	Phe.cmlA1_M64556_601_1860_1260	Phe.cmlA4_NG_047652_101_1360_1260	Phe.cmlA5_HQ141279_907_2166_1260	Phe.cmlA6_NG_047655_101_1360_1260	Phe.cmlA8_NG_051879_101_1360_1260
Phe_4	Phe.cmrA_Z12001_993_2168_1176
Phe_40	Phe.pexA_HM537013_24055_25302_1248
Phe_41	Phe.cmlB_variant1_AF034958_2642_3871_1230
Phe_5	Phe.cmrA_variant1_AF394894_259_1434_1176
Phe_6	Phe.cmr_U85507_3518_4693_1172	Phe.cmxA_AF024666_15877_17052_1176
Phe_7	Phe.catA_variant1_NG_060532_101_748_648	Phe.cat_AY238971_1055_1741_687
Phe_8	Phe.catA5_NG_047581_101_763_663
Phe_9	Phe.cat_86_K00544_145_807_663
Rif	Rif.rphD_NG_063826_1_2619_2619
Rif_1	Rif.rph_NG_048066_101_2698_2598
Rif_2	Rif.rif_EF541029_530_2170_1641
Rif_3	Rif.iri_U56415_280_1719_1440
Rif_4	Rif.arr2_JQ639792_1050_1502_453	Rif.arr3_JF806499_1353_1805_453
Rif_5	Rif.arr4_EF660562_1672_2124_453
Rif_6	Rif.arr5_EF660563_393_845_453
Rif_7	Rif.arr7_FN397623_1189_1641_453
Sul	Sul.sul4_NG_056174_101_964_864
Sul_1	Sul.sul1_AF071413_6700_7539_840
Sul_2	Sul.sul2_EU360945_1617_2432_816
Sul_3	Sul.sul3_HQ875016_7396_8187_792
Tcm	Tcm.tcmA_NG_048121_101_1717_1617
Tet	Tet.tetE_DQ366299_36_1253_1218
Tet_1	Tet.tetB_AB089594_1_1206_1206
Tet_10	Tet.tetB_P_L20800_2309_4267_1959
Tet_11	Tet.tetZ_AF121000_11880_13034_1155
Tet_12	Tet.tetT_L42544_478_2433_1956
Tet_13	Tet.tetS_L09756_447_2372_1926
Tet_14	Tet.otrC_AY509111_324_1379_1056
Tet_15	Tet.tetM_DQ534550_1451_3370_1920
Tet_16	Tet.tetO_M18896_207_2126_1920
Tet_17	Tet.tetW_AJ222769_3687_5606_1920
Tet_18	Tet.otrB_AF079900_40_1733_1692
Tet_19	Tet.tetH_EF460464_6286_7839_1554
Tet_2	Tet.otrA_X53401_349_2341_1992
Tet_20	Tet.TetAB_NG_051437_101_1642_1542
Tet_21	Tet.tcr_3_D38215_516_2954_1539
Tet_22	Tet.tetR_HF545434_53576_54226_651
Tet_23	Tet.tetK_M16217_305_1684_1380
Tet_24	Tet.tetL_FN435329_1_1377_1377
Tet_25	Tet.tetU_U01917_413_730_318
Tet_26	Tet.tetA_JX424423_94438_95712_1275
Tet_27	Tet.tetA_P_L20800_1063_2325_1263
Tet_28	Tet.tetV_AF030344_462_1721_1260
Tet_3	Tet.tetJ_AF038993_1084_2280_1197
Tet_4	Tet.tetC_EU751612_1_1191_1191
Tet_5	Tet.tetD_AB089602_1521_2705_1185
Tet_6	Tet.tetQ_Z21523_362_2287_1926
Tet_7	Tet.tetG_AF133140_757_1932_1176
Tet_8	Tet.tetY_AF070999_1680_2855_1176
Tet_9	Tet.tetX_M37699_586_1752_1167
Tet_TetB_60	Tet_TetB_60._NG_056046_1_1740_1740
Tet_Tet_47	Tet_Tet_47._NG_055772_1_1248_1248
Tet_Tet_48	Tet_Tet_48._NG_055773_1_1200_1200
Tet_Tet_49	Tet_Tet_49._NG_055774_1_1164_1164
Tet_Tet_50	Tet_Tet_50._NG_055775_1_1167_1167
Tet_Tet_51	Tet_Tet_51._NG_055776_1_1164_1164
Tet_Tet_52	Tet_Tet_52._NG_055777_1_1173_1173
Tet_Tet_53	Tet_Tet_53._NG_055778_1_1164_1164
Tet_Tet_54	Tet_Tet_54._NG_055779_1_1167_1167
Tet_Tet_57	Tet_Tet_57._NG_056039_1_1197_1197
Tet_Tet_58	Tet_Tet_58._NG_056048_1_1032_1032
Tet_Tet_59	Tet_Tet_59._NG_056044_101_1303_1203
Tet_Tet_60	Tet_Tet_60._NG_056045_1_1740_1740
Tet_tetR_G	Tet_tetR_G._S52438_113_745_633
Tet_tet_30	Tet_tet_30._AF090987_1130_2314_1185
Tet_tet_31	Tet_tet_31._AJ250203_1651_2883_1233
Tet_tet_32	Tet_tet_32._DQ647324_181_2100_1920
Tet_tet_33	Tet_tet_33._AJ420072_22940_24163_1224
Tet_tet_34	Tet_tet_34._AB061440_306_770_465
Tet_tet_35	Tet_tet_35._AF353562_2213_3322_1110
Tet_tet_36	Tet_tet_36._AJ514254_2534_4456_1923
Tet_tet_37	Tet_tet_37._AF540889_1_327_327
Tet_tet_38	Tet_tet_38._AY825285_1_1353_1353
Tet_tet_39	Tet_tet_39._AY743590_749_1936_1188
Tet_tet_40	Tet_tet_40._AM419751_14211_15431_1221
Tet_tet_41	Tet_tet_41._AY264780_1825_3006_1182
Tet_tet_42	Tet_tet_42._EU523697_687_1973_1287
Tet_tet_43	Tet_tet_43._GQ244501_60_1619_1560
Tet_tet_44	Tet_tet_44._FN594949_25245_27167_1923
Tet_tet_45	Tet_tet_45._NG_048147_1_1377_1377
Tet_tet_H	Tet_tet_H._NG_048195_101_1303_1203
Tmt	Tmt.dfrI_NG_047757_101_676_576
Tmt_1	Tmt.dfrA19_AJ310778_7004_7573_570
Tmt_10	Tmt.dfrD_Z50141_94_582_489
Tmt_11	Tmt.dfr22_AJ628423_325_822_498	Tmt.dfrA13_Z50802_718_1215_498	Tmt.dfrA21_AY552589_1_498_498	Tmt.dfrA33_FM957884_88_585_498
Tmt_12	Tmt.dfrA12_Z21672_310_807_498
Tmt_13	Tmt.dfrG_AB205645_1013_1510_498
Tmt_14	Tmt.dfrE_NG_055770_101_595_495
Tmt_15	Tmt.dfrF_NG_047755_101_595_495
Tmt_16	Tmt.dfrK_FM207105_2788_3279_492
Tmt_17	Tmt.dfrA3_J03306_103_591_489
Tmt_18	Tmt.dfrC_Z48233_337_822_486
Tmt_19	Tmt.dfrA3b_AY162283_5616_6095_480
Tmt_2	Tmt.dfrA10_L06418_5494_6057_564
Tmt_20	Tmt.dfr16_AF077008_115_558_474
Tmt_21	Tmt.dfr32_GU067642_535_1008_474	Tmt.dfrA17_AB126604_98_571_474
Tmt_22	Tmt.dfrA14_GU726917_72_545_474
Tmt_23	Tmt.dfrA15_JN108895_93_551_474	Tmt.dfrA15b_AJ867237_177_650_474
Tmt_24	Tmt.dfrA1_JQ794607_474_59_532
Tmt_25	Tmt.dfrA27_EU675686_2543_3016_474	Tmt.dfrA28_FM877476_116_589_474
Tmt_26	Tmt.dfrA30_AM997279_705_1178_474	Tmt.dfrA5_X12868_1306_1779_474
Tmt_27	Tmt.dfrA31_AB200915_1832_2305_474	Tmt.dfrA6_Z86002_336_809_474
Tmt_28	Tmt.dhfr7_X58425_594_1067_474
Tmt_29	Tmt.dfrA25_DQ267940_54_512_459
Tmt_3	Tmt.dfr23_AJ746361_6743_7403_561
Tmt_30	Tmt.dfrB1_AY139601_717_953_237
Tmt_31	Tmt.dfrB5_AY943084_2856_3092_237	Tmt.dfrB6_DQ274503_394_630_237	Tmt.dfrB8_GU295656_1048_1296_237
Tmt_32	Tmt.dfrB2_AY139592_809_1045_237
Tmt_33	Tmt.dfrB3_GQ150744_5957_6193_237
Tmt_34	Tmt.dfrB4_FM877484_69_305_237
Tmt_4	Tmt.dfr24_AJ972619_83_640_558
Tmt_5	Tmt.dfr18_NG_047673_101_655_555	Tmt.dfrA18_NG_047673_101_655_555
Tmt_6	Tmt.dfrA26_AM403715_303_854_552
Tmt_7	Tmt.dfrA9_X57730_726_1259_534
Tmt_8	Tmt.dfrA20_AJ605332_1304_1813_510
Tmt_9	Tmt.dfrA8_U10186_711_1220_474
